timestamp,temperature,moisture,ec,ph,nitrogen,phosphorus,potassium,health_score,source
2026-04-08T22:58:49.860441,23.5,0,0,7,0,0,0,76,mqtt
2026-04-08T22:58:55.029667,23.5,0,0,7,0,0,0,76,mqtt
2026-04-08T22:59:00.202575,23.5,0,0,7,0,0,0,76,mqtt
2026-04-08T22:59:05.372413,23.5,0,0,7,0,0,0,76,mqtt
2026-04-08T22:59:10.539365,23.5,0,0,7,0,0,0,76,mqtt
2026-04-08T22:59:15.726379,23.5,0,0,7,0,0,0,76,mqtt
2026-04-08T22:59:20.839750,23.5,0,0,7,0,0,0,76,mqtt
2026-04-08T22:59:25.995391,23.5,0,0,7,0,0,0,76,mqtt
2026-04-08T22:59:31.151064,23.5,0,0,7,0,0,0,76,mqtt
2026-04-08T22:59:36.310688,23.5,0,0,7,0,0,0,76,mqtt
2026-04-08T22:59:41.470695,23.5,0,0,7,0,0,0,76,mqtt
2026-04-08T22:59:46.636650,23.5,0,0,7,0,0,0,76,mqtt
2026-04-08T22:59:51.799858,23.5,0,0,7,0,0,0,76,mqtt
2026-04-08T22:59:56.961005,23.5,0,0,7,0,0,0,76,mqtt
2026-04-08T23:00:02.139616,23.5,0,0,7,0,0,0,76,mqtt
2026-04-08T23:00:07.295866,23.5,0,0,7,0,0,0,76,mqtt
2026-04-08T23:00:12.460163,23.5,0,0,7,0,0,0,76,mqtt
2026-04-08T23:00:17.624272,23.5,0,0,7,0,0,0,76,mqtt
2026-04-08T23:00:22.816917,23.5,0,0,7,0,0,0,76,mqtt
2026-04-08T23:00:27.993673,23.5,0,0,7,0,0,0,76,mqtt
2026-04-08T23:00:33.168305,23.5,0,0,7,0,0,0,76,mqtt
2026-04-08T23:00:38.350309,23.5,0,0,7,0,0,0,76,mqtt
2026-04-08T23:00:43.521866,23.5,0,0,7,0,0,0,76,mqtt
2026-04-08T23:00:48.695636,23.5,0,0,7,0,0,0,76,mqtt
2026-04-08T23:00:53.867717,23.5,0,0,7,0,0,0,76,mqtt
2026-04-08T23:00:59.082128,23.5,0,0,7,0,0,0,76,mqtt
2026-04-08T23:01:04.412483,23.5,0,0,7,0,0,0,76,mqtt
2026-04-08T23:01:09.377407,23.5,0,0,7,0,0,0,76,mqtt
2026-04-08T23:01:14.549464,23.5,0,0,7,0,0,0,76,mqtt
2026-04-08T23:01:19.982376,23.5,0,0,7,0,0,0,76,mqtt
2026-04-08T23:01:25.104337,23.5,0,0,7,0,0,0,76,mqtt
2026-04-08T23:01:30.054923,23.5,0,0,7,0,0,0,76,mqtt
2026-04-08T23:01:35.545851,23.5,0,0,7,0,0,0,76,mqtt
2026-04-08T23:01:40.386948,23.5,0,0,7,0,0,0,76,mqtt
2026-04-08T23:01:45.557089,23.5,0,0,7,0,0,0,76,mqtt
2026-04-08T23:01:50.722171,23.5,0,0,7,0,0,0,76,mqtt
2026-04-08T23:01:55.895312,23.5,0,0,7,0,0,0,76,mqtt
2026-04-08T23:02:01.056458,23.5,0,0,7,0,0,0,76,mqtt
2026-04-08T23:02:06.225249,23.5,0,0,7,0,0,0,76,mqtt
2026-04-08T23:02:11.394882,23.5,0,0,7,0,0,0,76,mqtt
2026-04-08T23:02:16.567074,23.5,0,0,7,0,0,0,76,mqtt
2026-04-08T23:02:21.730585,23.5,0,0,7,0,0,0,76,mqtt
2026-04-08T23:02:26.903579,23.5,0,0,7,0,0,0,76,mqtt
2026-04-08T23:02:41.104417,22.8,45.3,350.78,5.96,82.4,50.24,118.7,94,demo
2026-04-08T23:02:42.406445,23.5,0,0,7,0,0,0,76,mqtt
2026-04-08T23:02:47.591216,23.5,0,0,7,0,0,0,76,mqtt
2026-04-08T23:02:52.743028,23.5,0,0,7,0,0,0,76,mqtt
2026-04-08T23:02:57.920732,23.5,0,0,7,0,0,0,76,mqtt
2026-04-08T23:03:03.081940,23.5,0,0,7,0,0,0,76,mqtt
2026-04-08T23:03:08.252460,23.5,0,0,7,0,0,0,76,mqtt
2026-04-08T23:03:13.422584,23.5,0,0,7,0,0,0,76,mqtt
2026-04-08T23:03:18.588314,23.5,0,0,7,0,0,0,76,mqtt
2026-04-08T23:03:23.752849,23.5,0,0,7,0,0,0,76,mqtt
2026-04-08T23:03:28.925999,23.5,0,0,7,0,0,0,76,mqtt
2026-04-08T23:03:34.092768,23.5,0,0,7,0,0,0,76,mqtt
2026-04-08T23:03:39.258963,23.5,0,0,7,0,0,0,76,mqtt
2026-04-08T23:03:44.424817,23.5,0,0,7,0,0,0,76,mqtt
2026-04-08T23:03:49.595632,23.5,0,0,7,0,0,0,76,mqtt
2026-04-08T23:03:54.759017,23.5,0,0,7,0,0,0,76,mqtt
2026-04-08T23:03:59.922462,23.5,0,0,7,0,0,0,76,mqtt
2026-04-08T23:04:05.092498,23.5,0,0,7,0,0,0,76,mqtt
2026-04-08T23:04:10.256973,23.5,0,0,7,0,0,0,76,mqtt
2026-04-08T23:04:15.422907,23.6,0,0,7,0,0,0,76,mqtt
2026-04-08T23:04:20.599216,23.9,0,0,7,0,0,0,76,mqtt
2026-04-08T23:04:25.760720,23.9,0,0,7,0,0,0,76,mqtt
2026-04-08T23:04:30.923874,23.9,0,0,7,0,0,0,76,mqtt
2026-04-08T23:04:41.263953,23.9,0,0,7,0,0,0,76,mqtt
2026-04-08T23:04:46.425937,23.9,0,0,7,0,0,0,76,mqtt
2026-04-08T23:04:51.612804,23.9,0,0,7,0,0,0,76,mqtt
2026-04-08T23:04:56.761996,23.9,0,0,7,0,0,0,76,mqtt
2026-04-08T23:05:01.937302,23.9,0,0,7,0,0,0,76,mqtt
2026-04-08T23:05:07.099702,23.9,0,0,7,0,0,0,76,mqtt
2026-04-08T23:05:12.262577,23.9,0,0,7,0,0,0,76,mqtt
2026-04-08T23:05:17.434557,23.9,0,0,7,0,0,0,76,mqtt
2026-04-08T23:05:22.603259,23.9,0,0,7,0,0,0,76,mqtt
2026-04-08T23:05:27.780225,23.9,0,0,7,0,0,0,76,mqtt
2026-04-08T23:05:32.936804,23.9,0,0,7,0,0,0,76,mqtt
2026-04-08T23:05:38.106428,23.9,0,0,7,0,0,0,76,mqtt
2026-04-08T23:05:43.276648,23.9,0,0,7,0,0,0,76,mqtt
2026-04-08T23:05:48.444062,23.9,0,0,7,0,0,0,76,mqtt
2026-04-08T23:05:53.609376,23.9,0,0,7,0,0,0,76,mqtt
2026-04-08T23:05:58.780022,23.9,0,0,7,0,0,0,76,mqtt
2026-04-08T23:06:03.947126,23.9,0,0,7,0,0,0,76,mqtt
2026-04-08T23:06:09.117454,23.9,0,0,7,0,0,0,76,mqtt
2026-04-08T23:06:14.290602,23.9,0,0,7,0,0,0,76,mqtt
2026-04-08T23:06:19.452862,23.9,0,0,7,0,0,0,76,mqtt
2026-04-08T23:06:24.620343,23.9,0,0,7,0,0,0,76,mqtt
2026-04-08T23:06:29.789998,23.9,0,0,7,0,0,0,76,mqtt
2026-04-08T23:06:34.963788,23.9,0,0,7,0,0,0,76,mqtt
2026-04-08T23:06:40.130943,23.9,0,0,7,0,0,0,76,mqtt
2026-04-08T23:06:45.307796,23.9,0,0,7,0,0,0,76,mqtt
2026-04-08T23:06:50.467735,23.9,0,0,7,0,0,0,76,mqtt
2026-04-08T23:06:55.656565,23.9,0,0,7,0,0,0,76,mqtt
2026-04-08T23:07:00.801511,23.9,0,0,7,0,0,0,76,mqtt
2026-04-08T23:07:05.972654,23.9,0,0,7,0,0,0,76,mqtt
2026-04-08T23:07:11.137418,23.9,0,0,7,0,0,0,76,mqtt
2026-04-08T23:07:16.306389,23.9,0,0,7,0,0,0,76,mqtt
2026-04-08T23:07:21.471191,23.9,0,0,7,0,0,0,76,mqtt
2026-04-08T23:07:26.642146,23.9,0,0,7,0,0,0,76,mqtt
2026-04-08T23:07:31.823028,23.9,0,0,7,0,0,0,76,mqtt
2026-04-08T23:07:36.981834,23.9,0,0,7,0,0,0,76,mqtt
2026-04-08T23:07:42.151683,23.9,0,0,7,0,0,0,76,mqtt
2026-04-08T23:07:47.322318,23.9,0,0,7,0,0,0,76,mqtt
2026-04-08T23:07:52.499054,23.9,0,0,7,0,0,0,76,mqtt
2026-04-08T23:07:57.648972,23.9,0,0,7,0,0,0,76,mqtt
2026-04-08T23:08:02.842301,23.9,0,0,7,0,0,0,76,mqtt
2026-04-08T23:08:07.987270,23.9,0,0,7,0,0,0,76,mqtt
2026-04-08T23:08:13.155566,23.9,0,0,7,0,0,0,76,mqtt
2026-04-08T23:08:18.324875,23.9,0,0,7,0,0,0,76,mqtt
2026-04-08T23:08:23.498280,23.9,0,0,7,0,0,0,76,mqtt
2026-04-08T23:08:28.654480,23.9,0,0,7,0,0,0,76,mqtt
2026-04-08T23:08:33.827622,23.9,0,0,7,0,0,0,76,mqtt
2026-04-08T23:08:38.995339,23.9,0,0,7,0,0,0,76,mqtt
2026-04-08T23:08:44.301976,23.9,0,0,7,0,0,0,76,mqtt
2026-04-08T23:08:49.331515,23.9,0,0,7,0,0,0,76,mqtt
2026-04-08T23:08:54.542654,23.9,0,0,7,0,0,0,76,mqtt
2026-04-08T23:08:59.669214,23.9,0,0,7,0,0,0,76,mqtt
2026-04-08T23:09:04.834242,23.9,0,0,7,0,0,0,76,mqtt
2026-04-08T23:09:10.107277,23.9,0,0,7,0,0,0,76,mqtt
2026-04-08T23:09:15.228841,23.9,0,0,7,0,0,0,76,mqtt
2026-04-08T23:09:20.348085,23.9,0,0,7,0,0,0,76,mqtt
2026-04-08T23:09:25.675340,23.9,0,0,7,0,0,0,76,mqtt
2026-04-08T23:09:30.672135,23.9,0,0,7,0,0,0,76,mqtt
2026-04-08T23:09:35.842766,23.9,0,0,7,0,0,0,76,mqtt
2026-04-08T23:09:41.009964,23.9,0,0,7,0,0,0,76,mqtt
2026-04-08T23:09:46.184318,23.9,0,0,7,0,0,0,76,mqtt
2026-04-08T23:09:51.359009,23.9,0,0,7,0,0,0,76,mqtt
2026-04-08T23:09:56.514903,23.9,0,0,7,0,0,0,76,mqtt
2026-04-08T23:10:01.759837,23.9,0,0,7,0,0,0,76,mqtt
2026-04-08T23:10:06.920199,23.9,0,0,7,0,0,0,76,mqtt
2026-04-08T23:10:12.020424,23.9,0,0,7,0,0,0,76,mqtt
2026-04-08T23:10:17.188434,23.9,0,0,7,0,0,0,76,mqtt
2026-04-08T23:10:22.361148,23.9,0,0,7,0,0,0,76,mqtt
2026-04-08T23:10:27.524988,23.9,0,0,7,0,0,0,76,mqtt
2026-04-08T23:10:32.693123,23.9,0,0,7,0,0,0,76,mqtt
2026-04-08T23:10:37.862995,23.9,0,0,7,0,0,0,76,mqtt
2026-04-08T23:10:43.030365,23.9,0,0,7,0,0,0,76,mqtt
2026-04-08T23:10:48.196941,23.9,0,0,7,0,0,0,76,mqtt
2026-04-08T23:10:53.369584,23.9,0,0,7,0,0,0,76,mqtt
2026-04-08T23:10:58.533583,23.9,0,0,7,0,0,0,76,mqtt
2026-04-08T23:11:03.704732,23.9,0,0,7,0,0,0,76,mqtt
2026-04-08T23:11:08.902233,23.9,0,0,7,0,0,0,76,mqtt
2026-04-08T23:11:14.222910,23.9,0,0,7,0,0,0,76,mqtt
2026-04-08T23:11:19.343208,23.9,0,0,7,0,0,0,76,mqtt
2026-04-08T23:11:24.468700,23.9,0,0,7,0,0,0,76,mqtt
2026-04-08T23:11:29.587678,23.9,0,0,7,0,0,0,76,mqtt
2026-04-08T23:11:34.915442,23.9,0,0,7,0,0,0,76,mqtt
2026-04-08T23:11:40.032395,23.9,0,0,7,0,0,0,76,mqtt
2026-04-08T23:11:45.161379,23.9,0,0,7,0,0,0,76,mqtt
2026-04-08T23:11:50.273871,23.9,0,0,7,0,0,0,76,mqtt
2026-04-08T23:11:55.391848,23.9,0,0,7,0,0,0,76,mqtt
2026-04-08T23:12:00.728017,23.9,0,0,7,0,0,0,76,mqtt
2026-04-08T23:12:05.719767,23.9,0,0,7,0,0,0,76,mqtt
2026-04-08T23:12:10.891717,23.9,0,0,7,0,0,0,76,mqtt
2026-04-08T23:12:16.061777,23.9,0,0,7,0,0,0,76,mqtt
2026-04-08T23:12:21.240370,23.9,0,0,7,0,0,0,76,mqtt
2026-04-08T23:12:26.407705,23.9,0,0,7,0,0,0,76,mqtt
2026-04-08T23:12:31.566905,23.9,0,0,7,0,0,0,76,mqtt
2026-04-08T23:12:36.730195,23.9,0,0,7,0,0,0,76,mqtt
2026-04-08T23:12:41.901761,23.9,0,0,7,0,0,0,76,mqtt
2026-04-08T23:12:47.088848,23.9,0,0,7,0,0,0,76,mqtt
2026-04-08T23:12:52.241660,23.9,0,0,7,0,0,0,76,mqtt
2026-04-08T23:12:57.407050,23.9,0,0,7,0,0,0,76,mqtt
2026-04-08T23:13:02.580755,23.9,0,0,7,0,0,0,76,mqtt
2026-04-08T23:13:07.749409,23.9,0,0,7,0,0,0,76,mqtt
2026-04-08T23:13:12.914075,23.9,0,0,7,0,0,0,76,mqtt
2026-04-08T23:13:18.081104,23.9,0,0,7,0,0,0,76,mqtt
2026-04-08T23:13:23.249632,23.9,0,0,7,0,0,0,76,mqtt
2026-04-08T23:13:28.417617,23.9,0,0,7,0,0,0,76,mqtt
2026-04-08T23:13:33.585322,23.9,0,0,7,0,0,0,76,mqtt
2026-04-08T23:13:38.760229,23.9,0,0,7,0,0,0,76,mqtt
2026-04-08T23:13:43.946248,23.9,0,0,7,0,0,0,76,mqtt
2026-04-08T23:13:49.169604,23.9,0,0,7,0,0,0,76,mqtt
2026-04-08T23:13:54.290932,23.9,0,0,7,0,0,0,76,mqtt
2026-04-08T23:13:59.438726,23.9,0,0,7,0,0,0,76,mqtt
2026-04-08T23:14:04.738051,23.9,0,0,7,0,0,0,76,mqtt
2026-04-08T23:14:09.871181,23.9,0,0,7,0,0,0,76,mqtt
2026-04-08T23:14:14.975483,23.9,0,0,7,0,0,0,76,mqtt
2026-04-08T23:14:20.104858,23.9,0,0,7,0,0,0,76,mqtt
2026-04-08T23:14:25.422680,23.9,0,0,7,0,0,0,76,mqtt
2026-04-08T23:14:30.543772,23.9,0,0,7,0,0,0,76,mqtt
2026-04-08T23:14:35.663501,23.9,0,0,7,0,0,0,76,mqtt
2026-04-08T23:14:40.775139,23.9,0,0,7,0,0,0,76,mqtt
2026-04-08T23:14:45.945409,23.9,0,0,7,0,0,0,76,mqtt
2026-04-08T23:14:51.111167,23.9,0,0,7,0,0,0,76,mqtt
2026-04-08T23:14:56.293301,23.9,0,0,7,0,0,0,76,mqtt
2026-04-08T23:15:01.448148,23.9,0,0,7,0,0,0,76,mqtt
2026-04-08T23:15:06.621123,23.9,0,0,7,0,0,0,76,mqtt
2026-04-08T23:15:11.817054,23.9,0,0,7,0,0,0,76,mqtt
2026-04-08T23:15:16.953358,23.9,0,0,7,0,0,0,76,mqtt
2026-04-08T23:15:22.123732,23.9,0,0,7,0,0,0,76,mqtt
2026-04-08T23:15:27.291596,23.9,0,0,7,0,0,0,76,mqtt
2026-04-08T23:15:32.458706,23.9,0,0,7,0,0,0,76,mqtt
2026-04-08T23:15:37.632472,23.9,0,0,7,0,0,0,76,mqtt
2026-04-08T23:15:42.802177,23.9,0,0,7,0,0,0,76,mqtt
2026-04-08T23:15:47.965912,23.9,0,0,7,0,0,0,76,mqtt
2026-04-08T23:15:53.129991,23.9,0,0,7,0,0,0,76,mqtt
2026-04-08T23:15:58.306673,23.9,0,0,7,0,0,0,76,mqtt
2026-04-08T23:16:03.469598,23.9,0,0,7,0,0,0,76,mqtt
2026-04-08T23:16:08.643196,23.9,0,0,7,0,0,0,76,mqtt
2026-04-08T23:16:13.808259,23.9,0,0,7,0,0,0,76,mqtt
2026-04-08T23:16:59.218270,24.7,47.1,347.04,4.5,81.41,51.92,121.21,78,demo
2026-04-08T23:17:00.451518,23.9,0,0,7,0,0,0,76,mqtt
2026-04-08T23:17:06.074795,23.9,0,0,7,0,0,0,76,mqtt
2026-04-08T23:17:10.718753,23.9,0,0,7,0,0,0,76,mqtt
2026-04-08T23:17:15.793390,23.9,0,0,7,0,0,0,76,mqtt
2026-04-08T23:17:20.959344,23.9,0,0,7,0,0,0,76,mqtt
2026-04-08T23:17:26.125627,23.9,0,0,7,0,0,0,76,mqtt
2026-04-08T23:17:31.293716,23.9,0,0,7,0,0,0,76,mqtt
2026-04-08T23:17:36.459268,23.9,0,0,7,0,0,0,76,mqtt
2026-04-08T23:17:41.630528,23.9,0,0,7,0,0,0,76,mqtt
2026-04-08T23:17:46.800712,23.9,0,0,7,0,0,0,76,mqtt
2026-04-08T23:17:51.956743,23.9,0,0,7,0,0,0,76,mqtt
2026-04-08T23:17:57.130944,23.9,0,0,7,0,0,0,76,mqtt
2026-04-08T23:18:02.290737,23.9,0,0,7,0,0,0,76,mqtt
2026-04-08T23:18:07.456563,23.9,0,0,7,0,0,0,76,mqtt
2026-04-08T23:18:12.625662,23.9,0,0,7,0,0,0,76,mqtt
2026-04-08T23:18:17.785616,23.9,0,0,7,0,0,0,76,mqtt
2026-04-08T23:18:22.960168,23.9,0,0,7,0,0,0,76,mqtt
2026-04-08T23:18:28.123539,23.9,0,0,7,0,0,0,76,mqtt
2026-04-08T23:18:38.467927,23.9,0,0,7,0,0,0,76,mqtt
2026-04-08T23:18:43.633362,23.9,0,0,7,0,0,0,76,mqtt
2026-04-08T23:18:48.792384,23.9,23.7,0,8.67,0,0,0,75,mqtt
2026-04-08T23:18:53.958488,23.9,23.6,0,7.62,0,0,0,84,mqtt
2026-04-08T23:18:59.129762,24.1,0,0,7,0,0,0,76,mqtt
2026-04-08T23:19:04.291576,24.3,0,0,7,0,0,0,76,mqtt
2026-04-08T23:19:09.462237,24.3,0,0,7,0,0,0,76,mqtt
2026-04-08T23:19:14.626224,24.4,0,0,7,0,0,0,76,mqtt
2026-04-08T23:19:19.795465,24.7,0,0,7,0,0,0,76,mqtt
2026-04-08T23:19:24.962414,24.7,0,0,7,0,0,0,76,mqtt
2026-04-08T23:19:30.202791,24.7,0,0,7,0,0,0,76,mqtt
2026-04-08T23:19:35.299394,24.7,0,0,7,0,0,0,76,mqtt
2026-04-08T23:19:40.463219,24.7,0,0,7,0,0,0,76,mqtt
2026-04-08T23:19:45.631706,24.7,0,0,7,0,0,0,76,mqtt
2026-04-08T23:19:50.798333,24.7,0,0,7,0,0,0,76,mqtt
2026-04-08T23:19:55.965662,24.7,0,0,7,0,0,0,76,mqtt
2026-04-08T23:20:01.132176,24.7,0,0,7,0,0,0,76,mqtt
2026-04-08T23:20:06.304828,24.7,0,0,7,0,0,0,76,mqtt
2026-04-08T23:20:11.464048,24.7,0,0,7,0,0,0,76,mqtt
2026-04-08T23:20:16.634584,24.7,0,0,7,0,0,0,76,mqtt
2026-04-08T23:20:21.802561,24.7,0,0,7,0,0,0,76,mqtt
2026-04-08T23:20:26.973763,24.7,0,0,7,0,0,0,76,mqtt
2026-04-08T23:20:32.134683,24.7,0,0,7,0,0,0,76,mqtt
2026-04-08T23:20:37.305478,24.7,0,0,7,0,0,0,76,mqtt
2026-04-08T23:20:42.478792,24.7,0,0,7,0,0,0,76,mqtt
2026-04-08T23:20:47.644943,24.7,0,0,7,0,0,0,76,mqtt
2026-04-08T23:20:52.809060,24.7,0,0,7,0,0,0,76,mqtt
2026-04-08T23:20:57.980193,24.7,0,0,7,0,0,0,76,mqtt
2026-04-08T23:21:03.178875,24.7,0,0,7,0,0,0,76,mqtt
2026-04-08T23:21:08.311997,24.7,0,0,7,0,0,0,76,mqtt
2026-04-08T23:21:13.480926,24.7,0,0,7,0,0,0,76,mqtt
2026-04-08T23:21:18.647237,24.7,0,0,7,0,0,0,76,mqtt
2026-04-08T23:21:23.813833,24.7,0,0,7,0,0,0,76,mqtt
2026-04-08T23:21:28.982882,24.7,0,0,7,0,0,0,76,mqtt
2026-04-08T23:21:34.150196,24.7,0,0,7,0,0,0,76,mqtt
2026-04-08T23:21:39.316555,24.7,0,0,7,0,0,0,76,mqtt
2026-04-08T23:21:44.666386,24.7,0,0,7,0,0,0,76,mqtt
2026-04-08T23:21:49.791890,24.7,0,0,7,0,0,0,76,mqtt
2026-04-08T23:51:35.738396,23.5,42.7,351.89,4.5,81.3,50.7,117.5,77,demo
2026-04-08T23:51:37.781070,24.3,0.1,0,7,0,0,0,76,mqtt
2026-04-08T23:51:42.950463,24.3,0.1,0,7,0,0,0,76,mqtt
2026-04-08T23:51:48.115119,24.3,0.1,0,7,0,0,0,76,mqtt
2026-04-08T23:51:53.283672,24.3,0.1,0,7,0,0,0,76,mqtt
2026-04-08T23:51:58.529197,24.3,0.1,0,7,0,0,0,76,mqtt
2026-04-08T23:52:03.622385,24.3,0.1,0,7,0,0,0,76,mqtt
2026-04-08T23:52:08.790093,24.3,0.1,0,7,0,0,0,76,mqtt
2026-04-08T23:52:13.956276,24.3,0.1,0,7,0,0,0,76,mqtt
2026-04-08T23:52:19.123513,24.3,0.1,0,7,0,0,0,76,mqtt
2026-04-08T23:52:24.412971,24.3,0.1,0,7,0,0,0,76,mqtt
2026-04-08T23:52:29.743410,24.3,0.1,0,7,0,0,0,76,mqtt
2026-04-08T23:52:34.628998,24.3,0.1,0,7,0,0,0,76,mqtt
2026-04-08T23:52:40.179584,24.3,0.1,0,7,0,0,0,76,mqtt
2026-04-08T23:52:45.095580,24.3,0.1,0,7,0,0,0,76,mqtt
2026-04-08T23:52:50.218188,24.3,0.1,0,7,0,0,0,76,mqtt
2026-04-08T23:52:55.335405,24.3,0.1,0,7,0,0,0,76,mqtt
2026-04-08T23:53:00.667378,24.3,0.1,0,7,0,0,0,76,mqtt
2026-04-08T23:53:05.633471,24.3,0.1,0,7,0,0,0,76,mqtt
2026-04-08T23:53:10.856329,24.3,0.1,0,7,0,0,0,76,mqtt
2026-04-08T23:53:15.972778,24.3,0.1,0,7,0,0,0,76,mqtt
2026-04-08T23:53:21.141348,24.3,0.1,0,7,0,0,0,76,mqtt
2026-04-08T23:53:26.311179,24.3,0.1,0,7,0,0,0,76,mqtt
2026-04-08T23:53:31.475705,24.3,0.1,0,7,0,0,0,76,mqtt
2026-04-08T23:53:36.648068,24.3,0.1,0,7,0,0,0,76,mqtt
2026-04-08T23:53:41.814259,24.3,0.1,0,7,0,0,0,76,mqtt
2026-04-08T23:53:46.978226,24.3,0.1,0,7,0,0,0,76,mqtt
2026-04-08T23:53:52.143390,24.3,0.1,0,7,0,0,0,76,mqtt
2026-04-08T23:53:57.313180,24.3,0.1,0,7,0,0,0,76,mqtt
2026-04-08T23:54:02.481488,24.3,0.1,0,7,0,0,0,76,mqtt
2026-04-08T23:54:07.647364,24.3,0.1,0,7,0,0,0,76,mqtt
2026-04-08T23:54:12.816663,24.3,0.1,0,7,0,0,0,76,mqtt
2026-04-08T23:54:17.985830,24.3,0.1,0,7,0,0,0,76,mqtt
2026-04-08T23:54:23.151714,24.3,0.1,0,7,0,0,0,76,mqtt
2026-04-08T23:54:28.321217,24.3,0.1,0,7,0,0,0,76,mqtt
2026-04-08T23:54:33.491466,24.3,0.1,0,7,0,0,0,76,mqtt
2026-04-08T23:54:38.655379,24.3,0.1,0,7,0,0,0,76,mqtt
2026-04-08T23:54:43.825875,24.3,0.1,0,7,0,0,0,76,mqtt
2026-04-08T23:54:48.991907,24.3,0.1,0,7,0,0,0,76,mqtt
2026-04-08T23:54:54.172967,24.3,0.1,0,7,0,0,0,76,mqtt
2026-04-08T23:54:59.327638,24.3,0.1,0,7,0,0,0,76,mqtt
2026-04-08T23:55:04.565190,24.3,0.1,0,7,0,0,0,76,mqtt
2026-04-08T23:55:09.682969,24.3,0.1,0,7,0,0,0,76,mqtt
2026-04-08T23:55:15.011793,24.3,0.1,0,7,0,0,0,76,mqtt
2026-04-08T23:55:20.134712,24.3,0.1,0,7,0,0,0,76,mqtt
2026-04-08T23:55:25.463320,24.3,0.1,0,7,0,0,0,76,mqtt
2026-04-08T23:55:30.373140,24.3,0.1,0,7,0,0,0,76,mqtt
2026-04-08T23:55:35.693910,24.3,0.1,0,7,0,0,0,76,mqtt
2026-04-08T23:55:40.670692,24.3,0.1,0,7,0,0,0,76,mqtt
2026-04-08T23:55:45.859799,24.3,0.1,0,7,0,0,0,76,mqtt
2026-04-08T23:55:51.016719,24.3,0.1,0,7,0,0,0,76,mqtt
2026-04-08T23:55:56.176073,24.3,0.1,0,7,0,0,0,76,mqtt
2026-04-08T23:56:01.347715,24.3,0.1,0,7,0,0,0,76,mqtt
2026-04-08T23:56:06.513480,24.3,0.1,0,7,0,0,0,76,mqtt
2026-04-08T23:56:11.680670,24.3,0.1,0,7,0,0,0,76,mqtt
2026-04-08T23:56:16.854539,24.3,0.1,0,7,0,0,0,76,mqtt
2026-04-08T23:56:22.037074,24.3,0.1,0,7,0,0,0,76,mqtt
2026-04-08T23:56:27.182766,24.3,0.1,0,7,0,0,0,76,mqtt
2026-04-08T23:56:32.351631,24.3,0.1,0,7,0,0,0,76,mqtt
2026-04-08T23:56:37.522699,24.3,0.1,0,7,0,0,0,76,mqtt
2026-04-08T23:56:42.686122,24.3,0.1,0,7,0,0,0,76,mqtt
2026-04-08T23:56:47.858581,24.3,0.1,0,7,0,0,0,76,mqtt
2026-04-08T23:56:53.023432,24.3,0.1,0,7,0,0,0,76,mqtt
2026-04-08T23:56:58.194153,24.3,0.1,0,7,0,0,0,76,mqtt
2026-04-08T23:57:03.365432,24.3,0.1,0,7,0,0,0,76,mqtt
2026-04-08T23:57:08.527263,24.3,0.1,0,7,0,0,0,76,mqtt
2026-04-08T23:57:13.693773,24.3,0.1,0,7,0,0,0,76,mqtt
2026-04-08T23:57:18.861745,24.3,0.1,0,7,0,0,0,76,mqtt
2026-04-08T23:57:24.030201,24.3,0.1,0,7,0,0,0,76,mqtt
2026-04-08T23:57:29.202608,24.3,0.1,0,7,0,0,0,76,mqtt
2026-04-08T23:57:34.481968,24.3,0.1,0,7,0,0,0,76,mqtt
2026-04-08T23:57:39.598232,24.3,0.1,0,7,0,0,0,76,mqtt
2026-04-08T23:57:44.702071,24.3,0.1,0,7,0,0,0,76,mqtt
2026-04-08T23:57:50.041964,24.3,0.1,0,7,0,0,0,76,mqtt
2026-04-08T23:57:55.162643,24.3,0.1,0,7,0,0,0,76,mqtt
2026-04-08T23:58:00.284151,24.3,0.1,0,7,0,0,0,76,mqtt
2026-04-08T23:58:05.373710,24.3,0.1,0,7,0,0,0,76,mqtt
2026-04-08T23:58:10.727017,24.3,0.1,0,7,0,0,0,76,mqtt
2026-04-08T23:58:15.848368,24.3,0.1,0,7,0,0,0,76,mqtt
2026-04-08T23:58:20.873378,24.3,0.1,0,7,0,0,0,76,mqtt
2026-04-08T23:58:26.047295,24.3,0.1,0,7,0,0,0,76,mqtt
2026-04-08T23:58:31.212639,24.3,0.1,0,7,0,0,0,76,mqtt
2026-04-08T23:58:36.384687,24.3,0.1,0,7,0,0,0,76,mqtt
2026-04-08T23:58:41.552318,24.3,0.1,0,7,0,0,0,76,mqtt
2026-04-08T23:58:46.724221,24.3,0.1,0,7,0,0,0,76,mqtt
2026-04-08T23:58:51.885838,24.3,0.1,0,7,0,0,0,76,mqtt
2026-04-08T23:58:57.052645,24.3,0.1,0,7,0,0,0,76,mqtt
2026-04-08T23:59:02.218316,24.3,0.1,0,7,0,0,0,76,mqtt
2026-04-08T23:59:07.388374,24.3,0.1,0,7,0,0,0,76,mqtt
2026-04-08T23:59:12.561289,24.3,0.1,0,7,0,0,0,76,mqtt
2026-04-08T23:59:17.723530,24.3,0.1,0,7,0,0,0,76,mqtt
2026-04-08T23:59:22.900452,24.3,0.1,0,7,0,0,0,76,mqtt
2026-04-08T23:59:28.061010,24.3,0.1,0,7,0,0,0,76,mqtt
2026-04-08T23:59:33.226343,24.3,0.1,0,7,0,0,0,76,mqtt
2026-04-08T23:59:38.394345,24.3,0.1,0,7,0,0,0,76,mqtt
2026-04-08T23:59:43.560892,24.3,0.1,0,7,0,0,0,76,mqtt
2026-04-08T23:59:48.729660,24.3,0.1,0,7,0,0,0,76,mqtt
2026-04-08T23:59:53.899760,24.3,0.1,0,7,0,0,0,76,mqtt
2026-04-08T23:59:59.065497,24.3,0.1,0,7,0,0,0,76,mqtt
2026-04-09T00:00:04.233749,24.3,0.1,0,7,0,0,0,76,mqtt
2026-04-09T00:00:09.411942,24.3,0.1,0,7,0,0,0,76,mqtt
2026-04-09T00:00:14.700290,24.3,0.1,0,7,0,0,0,76,mqtt
2026-04-09T00:00:19.960320,24.3,0.1,0,7,0,0,0,76,mqtt
2026-04-09T00:00:25.074896,24.3,0.1,0,7,0,0,0,76,mqtt
2026-04-09T00:00:30.078442,24.3,0.1,0,7,0,0,0,76,mqtt
2026-04-09T00:00:35.557052,24.3,0.1,0,7,0,0,0,76,mqtt
2026-04-09T00:00:40.451370,24.3,0.1,0,7,0,0,0,76,mqtt
2026-04-09T00:00:45.763901,24.3,0.1,0,7,0,0,0,76,mqtt
2026-04-09T00:00:50.875565,24.3,0.1,0,7,0,0,0,76,mqtt
2026-04-09T00:00:55.910231,24.3,0.1,0,7,0,0,0,76,mqtt
2026-04-09T00:01:01.083808,24.3,0.1,0,7,0,0,0,76,mqtt
2026-04-09T00:01:06.244729,24.3,0.1,0,7,0,0,0,76,mqtt
2026-04-09T00:01:11.413217,24.3,0.1,0,7,0,0,0,76,mqtt
2026-04-09T00:01:16.581568,24.3,0.1,0,7,0,0,0,76,mqtt
2026-04-09T00:01:21.753003,24.3,0.1,0,7,0,0,0,76,mqtt
2026-04-09T00:01:26.918763,24.3,0.1,0,7,0,0,0,76,mqtt
2026-04-09T00:01:32.084119,24.3,0.1,0,7,0,0,0,76,mqtt
2026-04-09T00:01:37.249485,24.3,0.1,0,7,0,0,0,76,mqtt
2026-04-09T00:01:42.420033,24.3,0.1,0,7,0,0,0,76,mqtt
2026-04-09T00:01:47.592200,24.3,0.1,0,7,0,0,0,76,mqtt
2026-04-09T00:01:52.755782,24.3,0.1,0,7,0,0,0,76,mqtt
2026-04-09T00:01:57.923423,24.3,0.1,0,7,0,0,0,76,mqtt
2026-04-09T00:02:03.104618,24.3,0.1,0,7,0,0,0,76,mqtt
2026-04-09T00:02:08.260378,24.3,0.1,0,7,0,0,0,76,mqtt
2026-04-09T00:02:13.428065,24.3,0.1,0,7,0,0,0,76,mqtt
2026-04-09T00:02:18.593352,24.3,0.1,0,7,0,0,0,76,mqtt
2026-04-09T00:02:23.761214,24.3,0.1,0,7,0,0,0,76,mqtt
2026-04-09T00:02:28.932262,24.3,0.1,0,7,0,0,0,76,mqtt
2026-04-09T00:02:34.098034,24.3,0.1,0,7,0,0,0,76,mqtt
2026-04-09T00:02:39.267074,24.3,0.1,0,7,0,0,0,76,mqtt
2026-04-09T00:02:44.537327,24.3,0.1,0,7,0,0,0,76,mqtt
2026-04-09T00:02:49.661117,24.3,0.1,0,7,0,0,0,76,mqtt
2026-04-09T00:02:54.982717,24.3,0.1,0,7,0,0,0,76,mqtt
2026-04-09T00:03:00.105735,24.3,0.1,0,7,0,0,0,76,mqtt
2026-04-09T00:03:05.224450,24.3,0.1,0,7,0,0,0,76,mqtt
2026-04-09T00:03:10.341482,24.3,0.1,0,7,0,0,0,76,mqtt
2026-04-09T00:03:15.443429,24.3,0.1,0,7,0,0,0,76,mqtt
2026-04-09T00:03:20.790797,24.3,0.1,0,7,0,0,0,76,mqtt
2026-04-09T00:03:25.883266,24.3,0.1,0,7,0,0,0,76,mqtt
2026-04-09T00:03:30.944909,24.3,0.1,0,7,0,0,0,76,mqtt
2026-04-09T00:03:36.110525,24.3,0.1,0,7,0,0,0,76,mqtt
2026-04-09T00:03:41.280356,24.3,0.1,0,7,0,0,0,76,mqtt
2026-04-09T00:03:46.447549,24.3,0.1,0,7,0,0,0,76,mqtt
2026-04-09T00:03:51.615106,24.3,0.1,0,7,0,0,0,76,mqtt
2026-04-09T00:03:56.784958,24.3,0.1,0,7,0,0,0,76,mqtt
2026-04-09T00:04:01.949000,24.3,0.1,0,7,0,0,0,76,mqtt
2026-04-09T00:04:07.114876,24.3,0.1,0,7,0,0,0,76,mqtt
2026-04-09T00:04:12.281058,24.3,0.1,0,7,0,0,0,76,mqtt
2026-04-09T00:04:22.628031,24.3,0.1,0,7,0,0,0,76,mqtt
2026-04-09T00:04:27.796428,24.3,0.1,0,7,0,0,0,76,mqtt
2026-04-09T00:04:32.987052,24.3,0.1,0,7,0,0,0,76,mqtt
2026-04-09T00:04:38.119509,24.3,0.1,0,7,0,0,0,76,mqtt
2026-04-09T00:04:43.288125,24.3,0.1,0,7,0,0,0,76,mqtt
2026-04-09T00:04:48.461840,24.3,0.1,0,7,0,0,0,76,mqtt
2026-04-09T00:04:53.634376,24.3,0.1,0,7,0,0,0,76,mqtt
2026-04-09T00:04:58.795074,24.3,0.1,0,7,0,0,0,76,mqtt
2026-04-09T00:05:03.963850,24.3,0.1,0,7,0,0,0,76,mqtt
2026-04-09T00:05:09.130468,24.3,0.1,0,7,0,0,0,76,mqtt
2026-04-09T00:05:14.299599,24.3,0.1,0,7,0,0,0,76,mqtt
2026-04-09T00:05:19.468078,24.3,0.1,0,7,0,0,0,76,mqtt
2026-04-09T00:05:24.637434,24.3,0.1,0,7,0,0,0,76,mqtt
2026-04-09T00:05:29.802072,24.3,0.1,0,7,0,0,0,76,mqtt
2026-04-09T00:05:34.969578,24.3,0.1,0,7,0,0,0,76,mqtt
2026-04-09T00:05:40.157351,24.3,0.1,0,7,0,0,0,76,mqtt
2026-04-09T00:05:45.307041,24.3,0.1,0,7,0,0,0,76,mqtt
2026-04-09T00:05:50.475746,24.3,0.1,0,7,0,0,0,76,mqtt
2026-04-09T00:05:55.638154,24.3,0.1,0,7,0,0,0,76,mqtt
2026-04-09T00:06:00.811739,24.3,0.1,0,7,0,0,0,76,mqtt
2026-04-09T00:06:05.978991,24.3,0.1,0,7,0,0,0,76,mqtt
2026-04-09T00:06:11.158986,24.3,0.1,0,7,0,0,0,76,mqtt
2026-04-09T00:06:16.309025,24.3,0.1,0,7,0,0,0,76,mqtt
2026-04-09T00:06:21.476310,24.3,0.1,0,7,0,0,0,76,mqtt
2026-04-09T00:06:26.651427,24.3,0.1,0,7,0,0,0,76,mqtt
2026-04-09T00:06:31.814007,24.3,0.1,0,7,0,0,0,76,mqtt
2026-04-09T00:06:36.982517,24.3,0.1,0,7,0,0,0,76,mqtt
2026-04-09T00:06:42.152928,24.3,0.1,0,7,0,0,0,76,mqtt
2026-04-09T00:06:47.317258,24.3,0.1,0,7,0,0,0,76,mqtt
2026-04-09T00:06:52.490425,24.3,0.1,0,7,0,0,0,76,mqtt
2026-04-09T00:06:57.651172,24.3,0.1,0,7,0,0,0,76,mqtt
2026-04-09T00:07:02.839446,24.3,0.1,0,7,0,0,0,76,mqtt
2026-04-09T00:07:07.987070,24.3,0.1,0,7,0,0,0,76,mqtt
2026-04-09T00:07:13.162370,24.3,0.1,0,7,0,0,0,76,mqtt
2026-04-09T00:07:18.331733,24.3,0.1,0,7,0,0,0,76,mqtt
2026-04-09T00:07:23.493464,24.3,0.1,0,7,0,0,0,76,mqtt
2026-04-09T00:07:28.661838,24.3,0.1,0,7,0,0,0,76,mqtt
2026-04-09T00:07:33.830250,24.3,0.1,0,7,0,0,0,76,mqtt
2026-04-09T00:07:39.002223,24.3,0.1,0,7,0,0,0,76,mqtt
2026-04-09T00:07:44.162848,24.3,0.1,0,7,0,0,0,76,mqtt
2026-04-09T00:07:49.335611,24.3,0.1,0,7,0,0,0,76,mqtt
2026-04-09T00:07:54.509391,24.3,0.1,0,7,0,0,0,76,mqtt
2026-04-09T00:07:59.669466,24.3,0.1,0,7,0,0,0,76,mqtt
2026-04-09T00:08:04.837762,24.3,0.1,0,7,0,0,0,76,mqtt
2026-04-09T00:08:10.001654,24.3,0.1,0,7,0,0,0,76,mqtt
2026-04-09T00:08:15.171973,24.3,0.1,0,7,0,0,0,76,mqtt
2026-04-09T00:08:20.342794,24.3,0.1,0,7,0,0,0,76,mqtt
2026-04-09T00:08:25.509247,24.3,0.1,0,7,0,0,0,76,mqtt
2026-04-09T00:08:30.681773,24.3,0.1,0,7,0,0,0,76,mqtt
2026-04-09T00:11:31.225277,23.6,42.0,351.56,5.45,77.54,47.77,122.27,96,demo
2026-04-09T00:11:31.553157,23.9,0.1,0,7,0,0,0,76,mqtt
2026-04-09T00:11:36.716756,23.9,0.1,0,7,0,0,0,76,mqtt
2026-04-09T00:11:41.884464,23.9,0.1,0,7,0,0,0,76,mqtt
2026-04-09T00:11:47.069899,23.9,0.1,0,7,0,0,0,76,mqtt
2026-04-09T00:11:52.222991,23.9,0.1,0,7,0,0,0,76,mqtt
2026-04-09T00:11:57.396472,23.9,0.1,0,7,0,0,0,76,mqtt
2026-04-09T00:12:02.562659,23.9,0.1,0,7,0,0,0,76,mqtt
2026-04-09T00:12:07.727150,23.9,0.1,0,7,0,0,0,76,mqtt
2026-04-09T00:12:12.908427,23.9,0.1,0,7,0,0,0,76,mqtt
2026-04-09T00:12:18.068994,23.9,0.1,0,7,0,0,0,76,mqtt
2026-04-09T00:12:23.228985,23.9,0.1,0,7,0,0,0,76,mqtt
2026-04-09T00:12:28.398194,23.9,0.1,0,7,0,0,0,76,mqtt
2026-04-09T00:12:33.579154,23.9,0.1,0,7,0,0,0,76,mqtt
2026-04-09T00:12:38.743991,23.9,0.1,0,7,0,0,0,76,mqtt
2026-04-09T00:12:43.904620,23.9,0.1,0,7,0,0,0,76,mqtt
2026-04-09T00:12:49.069627,23.9,0.1,0,7,0,0,0,76,mqtt
2026-04-09T00:12:54.234324,23.9,0.1,0,7,0,0,0,76,mqtt
2026-04-09T00:12:59.412820,23.9,0.1,0,7,0,0,0,76,mqtt
2026-04-09T00:13:04.581341,23.9,0.1,0,7,0,0,0,76,mqtt
2026-04-09T00:13:09.744014,23.9,0.1,0,7,0,0,0,76,mqtt
2026-04-09T00:13:14.918473,23.9,0.1,0,7,0,0,0,76,mqtt
2026-04-09T00:13:20.077171,23.9,0.1,0,7,0,0,0,76,mqtt
2026-04-09T00:13:25.247021,23.9,0.1,0,7,0,0,0,76,mqtt
2026-04-09T00:13:30.415020,23.9,0.1,0,7,0,0,0,76,mqtt
2026-04-09T00:13:35.587979,23.9,0.1,0,7,0,0,0,76,mqtt
2026-04-09T00:13:40.750440,23.9,0.1,0,7,0,0,0,76,mqtt
2026-04-09T00:13:45.914313,23.9,0.1,0,7,0,0,0,76,mqtt
2026-04-09T00:13:51.090954,23.9,0.1,0,7,0,0,0,76,mqtt
2026-04-09T00:13:56.251888,23.9,0.1,0,7,0,0,0,76,mqtt
2026-04-09T00:14:01.418715,23.9,0.1,0,7,0,0,0,76,mqtt
2026-04-09T00:14:06.588298,23.9,0.1,0,7,0,0,0,76,mqtt
2026-04-09T00:14:11.758601,23.9,0.1,0,7,0,0,0,76,mqtt
2026-04-09T00:14:16.927249,23.9,0.1,0,7,0,0,0,76,mqtt
2026-04-09T00:14:22.091639,23.9,0.1,0,7,0,0,0,76,mqtt
2026-04-09T00:14:27.260029,23.9,0.1,0,7,0,0,0,76,mqtt
2026-04-09T00:14:32.430960,23.9,0.1,0,7,0,0,0,76,mqtt
2026-04-09T00:14:37.662510,23.9,0.1,0,7,0,0,0,76,mqtt
2026-04-09T00:14:42.763616,23.9,0.1,0,7,0,0,0,76,mqtt
2026-04-09T00:14:47.933806,23.9,0.1,0,7,0,0,0,76,mqtt
2026-04-09T00:14:53.099369,23.9,0.1,0,7,0,0,0,76,mqtt
2026-04-09T00:14:58.266738,23.9,0.1,0,7,0,0,0,76,mqtt
2026-04-09T00:15:03.442380,23.9,0.1,0,7,0,0,0,76,mqtt
2026-04-09T00:15:08.603097,23.9,0.1,0,7,0,0,0,76,mqtt
2026-04-09T00:15:18.945402,23.9,0.1,0,7,0,0,0,76,mqtt
2026-04-09T00:15:24.112887,23.9,0.1,0,7,0,0,0,76,mqtt
2026-04-09T00:15:29.279279,23.9,0.1,0,7,0,0,0,76,mqtt
2026-04-09T00:15:34.441638,23.9,0.1,0,7,0,0,0,76,mqtt
2026-04-09T00:15:44.820139,23.9,0.1,0,7,0,0,0,76,mqtt
2026-04-09T00:15:49.947239,23.9,0.1,0,7,0,0,0,76,mqtt
2026-04-09T00:15:55.109939,23.9,0.1,0,7,0,0,0,76,mqtt
2026-04-09T00:16:00.282056,23.9,0.1,0,7,0,0,0,76,mqtt
2026-04-09T00:16:05.452873,23.9,0.1,0,7,0,0,0,76,mqtt
2026-04-09T00:16:10.618792,23.9,0.1,0,7,0,0,0,76,mqtt
2026-04-09T00:16:15.906972,23.9,0.1,0,7,0,0,0,76,mqtt
2026-04-09T00:16:20.954957,23.9,0.1,0,7,0,0,0,76,mqtt
2026-04-09T00:16:26.121179,23.9,0.1,0,7,0,0,0,76,mqtt
2026-04-09T00:16:31.293151,23.9,0.1,0,7,0,0,0,76,mqtt
2026-04-09T00:16:36.463084,23.9,0.1,0,7,0,0,0,76,mqtt
2026-04-09T00:16:41.631020,23.9,0.1,0,7,0,0,0,76,mqtt
2026-04-09T00:16:46.796039,23.9,0.1,0,7,0,0,0,76,mqtt
2026-04-09T00:16:51.960768,23.9,0.1,0,7,0,0,0,76,mqtt
2026-04-09T00:16:57.129781,23.9,0.1,0,7,0,0,0,76,mqtt
2026-04-09T00:17:02.296505,23.9,0.1,0,7,0,0,0,76,mqtt
2026-04-09T00:17:07.464013,23.9,0.1,0,7,0,0,0,76,mqtt
2026-04-09T16:15:23.139931,23.5,46.0,351.79,7.97,77.71,49.51,117.78,92,demo
2026-04-09T20:41:34.616337,25.4,43.8,352.71,4.5,81.08,52.57,121.45,78,demo
2026-04-10T00:07:16.223606,23.7,43.5,347.98,6.07,82.9,52.43,119.88,94,demo
2026-04-10T01:47:32.903377,22.6,44.4,348.73,4.5,78.54,49.64,121.29,78,demo
2026-04-10T02:10:27.281590,23.9,45.4,351.4,7.99,82.15,47.06,122.28,91,demo
2026-04-10T02:25:16.819265,26.5,45.2,348.16,4.51,82.72,50.18,121.31,78,demo
2026-04-10T14:15:11.511342,24.1,42.3,351.78,5.89,81.0,49.64,117.73,93,demo
2026-04-10T14:21:17.012055,21.8,47.3,352.31,8.62,77.58,52.4,122.99,85,demo
2026-04-10T14:25:47.186122,21.7,48.0,351.29,4.5,78.86,52.04,119.75,77,demo
2026-04-10T14:45:09.786470,23.3,45.5,352.24,8.67,78.31,48.76,122.56,84,demo
2026-04-10T15:12:22.757862,27.2,47.2,351.84,7.9,81.9,50.78,117.53,92,demo
2026-04-10T15:14:43.608519,25.2,44.3,349.72,7.35,77.18,51.08,121.38,95,demo
2026-04-10T15:16:01.895306,27.3,46.0,352.64,5.63,82.96,50.21,119.48,92,demo
2026-04-10T19:15:46.174195,26.1,44.3,351.4,5.64,80.41,52.73,117.16,92,demo
2026-04-10T19:16:33.215391,23.4,43.1,351.49,8.56,82.8,52.09,122.73,86,demo
2026-04-10T19:21:59.285670,23.4,0,0,7,0,0,0,76,mqtt
2026-04-10T19:22:04.448908,23.4,0,0,7,0,0,0,76,mqtt
2026-04-10T19:22:09.623572,23.4,0,0,7,0,0,0,76,mqtt
2026-04-10T19:22:14.793134,23.4,0,0,7,0,0,0,76,mqtt
2026-04-10T19:22:19.964272,23.4,0,0,7,0,0,0,76,mqtt
2026-04-10T19:22:25.130474,23.4,0,0,7,0,0,0,76,mqtt
2026-04-10T19:22:30.295098,23.4,0,0,7,0,0,0,76,mqtt
2026-04-10T19:22:35.477432,23.4,0,0,7,0,0,0,76,mqtt
2026-04-10T19:22:40.629747,23.4,0,0,7,0,0,0,76,mqtt
2026-04-10T19:22:45.803186,23.4,0,0,7,0,0,0,76,mqtt
2026-04-10T19:23:30.496187,23.4,0,0,7,0,0,0,76,mqtt
2026-04-10T19:23:35.669568,23.4,0,0,7,0,0,0,76,mqtt
2026-04-10T19:23:40.827552,23.4,0,0,7,0,0,0,76,mqtt
2026-04-10T19:23:46.000016,23.4,0,0,7,0,0,0,76,mqtt
2026-04-10T19:23:51.170352,23.4,0,0,7,0,0,0,76,mqtt
2026-04-10T19:23:56.338239,23.4,0,0,7,0,0,0,76,mqtt
2026-04-10T19:24:01.512315,23.4,0,0,7,0,0,0,76,mqtt
2026-04-10T19:24:06.678673,23.4,0,0,7,0,0,0,76,mqtt
2026-04-10T19:24:11.843397,23.4,0,0,7,0,0,0,76,mqtt
2026-04-10T19:24:17.001722,23.4,0,0,7,0,0,0,76,mqtt
2026-04-10T19:24:26.608379,23.4,0,0,7,0,0,0,76,mqtt
2026-04-10T19:24:27.342257,23.4,0,0,7,0,0,0,76,mqtt
2026-04-10T19:24:32.523522,23.4,0,0,7,0,0,0,76,mqtt
2026-04-10T19:24:37.682973,23.4,0,0,7,0,0,0,76,mqtt
2026-04-10T19:24:42.840039,23.4,0,0,7,0,0,0,76,mqtt
2026-04-10T19:24:48.023400,23.4,0,0,7,0,0,0,76,mqtt
2026-04-10T19:24:53.192214,23.4,0,0,7,0,0,0,76,mqtt
2026-04-10T19:24:58.345172,23.4,0,0,7,0,0,0,76,mqtt
2026-04-10T19:25:03.515575,23.4,0,0,7,0,0,0,76,mqtt
2026-04-10T19:25:08.689975,23.4,0,0,7,0,0,0,76,mqtt
2026-04-10T19:25:13.848546,23.4,0,0,7,0,0,0,76,mqtt
2026-04-10T19:25:19.021486,23.4,0,0,7,0,0,0,76,mqtt
2026-04-10T19:25:24.187436,23.4,0,0,7,0,0,0,76,mqtt
2026-04-10T19:25:29.355597,23.4,0,0,7,0,0,0,76,mqtt
2026-04-10T19:25:34.538140,23.4,0,0,7,0,0,0,76,mqtt
2026-04-10T19:25:39.691103,23.4,0,0,7,0,0,0,76,mqtt
2026-04-10T19:25:44.858207,23.4,0,0,7,0,0,0,76,mqtt
2026-04-10T19:25:50.027265,23.4,0,0,7,0,0,0,76,mqtt
2026-04-10T19:25:55.196723,23.4,0,0,7,0,0,0,76,mqtt
2026-04-10T19:26:00.363246,23.4,0,0,7,0,0,0,76,mqtt
2026-04-10T19:26:05.527318,23.4,0,0,7,0,0,0,76,mqtt
2026-04-10T19:26:10.701416,23.4,0,0,7,0,0,0,76,mqtt
2026-04-10T19:26:15.862517,23.4,0,0,7,0,0,0,76,mqtt
2026-04-10T19:26:21.031301,23.4,0,0,7,0,0,0,76,mqtt
2026-04-10T19:26:26.212101,23.4,0,0,7,0,0,0,76,mqtt
2026-04-10T19:26:31.369353,23.4,0,0,7,0,0,0,76,mqtt
2026-04-10T19:26:36.535957,23.4,0,0,7,0,0,0,76,mqtt
2026-04-10T19:26:41.703498,23.4,0,0,7,0,0,0,76,mqtt
2026-04-10T19:26:46.871125,23.4,0,0,7,0,0,0,76,mqtt
2026-04-10T19:26:52.040736,23.4,0,0,7,0,0,0,76,mqtt
2026-04-10T19:26:57.206104,23.4,0,0,7,0,0,0,76,mqtt
2026-04-10T19:27:02.377648,23.4,0,0,7,0,0,0,76,mqtt
2026-04-10T19:27:07.543999,23.4,0,0,7,0,0,0,76,mqtt
2026-04-10T19:27:12.711123,23.4,0,0,7,0,0,0,76,mqtt
2026-04-10T19:27:17.880408,23.4,0,0,7,0,0,0,76,mqtt
2026-04-10T19:27:23.045546,23.4,0,0,7,0,0,0,76,mqtt
2026-04-10T19:27:28.221842,23.4,0,0,7,0,0,0,76,mqtt
2026-04-10T19:27:33.382998,23.4,0,0,7,0,0,0,76,mqtt
2026-04-10T19:27:38.557208,23.4,0,0,7,0,0,0,76,mqtt
2026-04-10T19:27:43.719052,23.4,0,0,7,0,0,0,76,mqtt
2026-04-10T19:27:48.884410,23.4,0,0,7,0,0,0,76,mqtt
2026-04-10T19:27:54.052933,23.4,0,0,7,0,0,0,76,mqtt
2026-04-10T19:27:59.228191,23.4,0,0,7,0,0,0,76,mqtt
2026-04-10T19:28:04.387412,23.4,0,0,7,0,0,0,76,mqtt
2026-04-10T19:28:09.568783,23.4,0,0,7,0,0,0,76,mqtt
2026-04-10T19:28:14.733196,23.4,0,0,7,0,0,0,76,mqtt
2026-04-10T19:28:19.895126,23.4,0,0,7,0,0,0,76,mqtt
2026-04-10T19:28:25.072392,23.4,0,0,7,0,0,0,76,mqtt
2026-04-10T19:28:30.235631,23.4,0,0,7,0,0,0,76,mqtt
2026-04-10T19:28:35.399651,23.4,0,0,7,0,0,0,76,mqtt
2026-04-10T19:28:40.570898,23.4,0,0,7,0,0,0,76,mqtt
2026-04-10T19:28:45.744609,23.4,0,0,7,0,0,0,76,mqtt
2026-04-10T19:28:50.906207,23.4,0,0,7,0,0,0,76,mqtt
2026-04-10T19:28:56.071919,23.4,0,0,7,0,0,0,76,mqtt
2026-04-10T19:29:01.241984,23.4,0,0,7,0,0,0,76,mqtt
2026-04-10T19:29:06.399056,23.4,0,0,7,0,0,0,76,mqtt
2026-04-10T19:29:11.573274,23.4,0,0,7,0,0,0,76,mqtt
2026-04-10T19:29:16.739227,23.4,0,0,7,0,0,0,76,mqtt
2026-04-10T19:29:21.918255,23.4,0,0,7,0,0,0,76,mqtt
2026-04-10T19:29:27.071500,23.4,0,0,7,0,0,0,76,mqtt
2026-04-10T19:29:32.241119,23.4,0,0,7,0,0,0,76,mqtt
2026-04-10T19:29:37.412114,23.4,0,0,7,0,0,0,76,mqtt
2026-04-10T19:29:42.594445,23.4,0,0,7,0,0,0,76,mqtt
2026-04-10T19:29:47.745684,23.4,0,0,7,0,0,0,76,mqtt
2026-04-10T19:29:52.929903,23.4,0,0,7,0,0,0,76,mqtt
2026-04-10T19:29:58.081408,23.4,0,0,7,0,0,0,76,mqtt
2026-04-10T19:30:03.248871,23.4,0,0,7,0,0,0,76,mqtt
2026-04-10T19:30:08.420847,23.4,0,0,7,0,0,0,76,mqtt
2026-04-10T19:30:13.587909,23.4,0,0,7,0,0,0,76,mqtt
2026-04-10T19:30:18.755365,23.4,0,0,7,0,0,0,76,mqtt
2026-04-10T19:30:23.923013,23.4,0,0,7,0,0,0,76,mqtt
2026-04-10T19:30:29.093363,23.4,0,0,7,0,0,0,76,mqtt
2026-04-10T19:30:34.255756,23.4,0,0,7,0,0,0,76,mqtt
2026-04-10T19:30:39.424951,23.4,0,0,7,0,0,0,76,mqtt
2026-04-10T19:30:44.591638,23.4,0,0,7,0,0,0,76,mqtt
2026-04-10T19:30:49.756401,23.4,0,0,7,0,0,0,76,mqtt
2026-04-10T19:30:54.945562,23.4,0,0,7,0,0,0,76,mqtt
2026-04-10T19:31:00.098776,23.4,0,0,7,0,0,0,76,mqtt
2026-04-10T19:31:05.273578,23.4,0,0,7,0,0,0,76,mqtt
2026-04-10T19:31:10.444547,23.4,0,0,7,0,0,0,76,mqtt
2026-04-10T19:31:15.613196,23.4,0,0,7,0,0,0,76,mqtt
2026-04-10T19:31:20.781793,23.4,0,0,7,0,0,0,76,mqtt
2026-04-10T19:31:25.936855,23.4,0,0,7,0,0,0,76,mqtt
2026-04-10T19:31:31.120538,23.4,0,0,7,0,0,0,76,mqtt
2026-04-10T19:31:36.271530,23.4,0,0,7,0,0,0,76,mqtt
2026-04-10T19:31:41.445696,23.4,0,0,7,0,0,0,76,mqtt
2026-04-10T19:31:46.607007,23.4,0,0,7,0,0,0,76,mqtt
2026-04-10T19:31:51.781733,23.4,0,0,7,0,0,0,76,mqtt
2026-04-10T19:31:56.958711,23.4,0,0,7,0,0,0,76,mqtt
2026-04-10T19:32:02.110005,23.4,0,0,7,0,0,0,76,mqtt
2026-04-10T19:32:07.277604,23.4,0,0,7,0,0,0,76,mqtt
2026-04-10T19:32:12.467936,23.4,0,0,7,0,0,0,76,mqtt
2026-04-10T19:32:17.618746,23.4,0,0,7,0,0,0,76,mqtt
2026-04-10T19:32:22.782432,23.4,0,0,7,0,0,0,76,mqtt
2026-04-10T19:32:27.953916,23.4,0,0,7,0,0,0,76,mqtt
2026-04-10T19:32:33.134425,23.4,0,0,7,0,0,0,76,mqtt
2026-04-10T19:32:38.289583,23.4,0,0,7,0,0,0,76,mqtt
2026-04-10T19:32:43.456508,23.4,0,0,7,0,0,0,76,mqtt
2026-04-10T19:32:48.632914,23.4,0,0,7,0,0,0,76,mqtt
2026-04-10T19:32:53.792967,23.4,0,0,7,0,0,0,76,mqtt
2026-04-10T19:32:58.966537,23.4,0,0,7,0,0,0,76,mqtt
2026-04-10T19:33:04.127617,23.4,0,0,7,0,0,0,76,mqtt
2026-04-10T19:33:09.313688,23.4,0,0,7,0,0,0,76,mqtt
2026-04-10T19:33:14.465080,23.4,0,0,7,0,0,0,76,mqtt
2026-04-10T19:33:19.637851,23.4,0,0,7,0,0,0,76,mqtt
2026-04-10T19:33:24.805242,23.4,0,0,7,0,0,0,76,mqtt
2026-04-10T19:33:29.971180,23.4,0,0,7,0,0,0,76,mqtt
2026-04-10T19:33:35.137088,23.4,0,0,7,0,0,0,76,mqtt
2026-04-10T19:33:40.306305,23.4,0,0,7,0,0,0,76,mqtt
2026-04-10T19:33:45.479629,23.4,0,0,7,0,0,0,76,mqtt
2026-04-10T19:33:50.643721,23.4,0,0,7,0,0,0,76,mqtt
2026-04-10T19:33:55.819781,23.4,0,0,7,0,0,0,76,mqtt
2026-04-10T19:34:00.973570,23.4,0,0,7,0,0,0,76,mqtt
2026-04-10T19:34:06.149561,23.4,0,0,7,0,0,0,76,mqtt
2026-04-10T19:34:11.319935,23.4,0,0,7,0,0,0,76,mqtt
2026-04-10T19:34:16.485491,23.4,0,0,7,0,0,0,76,mqtt
2026-04-10T19:34:21.661838,23.4,0,0,7,0,0,0,76,mqtt
2026-04-10T19:34:26.818477,23.4,0,0,7,0,0,0,76,mqtt
2026-04-10T19:34:31.997553,23.4,0,0,7,0,0,0,76,mqtt
2026-04-10T19:34:37.157450,23.4,0,0,7,0,0,0,76,mqtt
2026-04-10T19:34:42.320420,23.4,0,0,7,0,0,0,76,mqtt
2026-04-10T19:34:47.492643,23.4,0,0,7,0,0,0,76,mqtt
2026-04-10T19:34:52.666000,23.4,0,0,7,0,0,0,76,mqtt
2026-04-10T19:34:57.835721,23.4,0,0,7,0,0,0,76,mqtt
2026-04-10T19:35:03.000090,23.4,0,0,7,0,0,0,76,mqtt
2026-04-10T19:35:08.161972,23.4,0,0,7,0,0,0,76,mqtt
2026-04-10T19:35:13.333910,23.4,0,0,7,0,0,0,76,mqtt
2026-04-10T19:35:18.497295,23.4,0,0,7,0,0,0,76,mqtt
2026-04-10T19:35:23.669357,23.4,0,0,7,0,0,0,76,mqtt
2026-04-10T19:35:28.849118,23.4,0,0,7,0,0,0,76,mqtt
2026-04-10T19:35:34.011543,23.4,0,0,7,0,0,0,76,mqtt
2026-04-10T19:35:39.174686,23.4,0,0,7,0,0,0,76,mqtt
2026-04-10T19:35:44.356834,23.4,0,0,7,0,0,0,76,mqtt
2026-04-10T19:35:49.511855,23.4,0,0,7,0,0,0,76,mqtt
2026-04-10T19:35:54.674065,23.4,0,0,7,0,0,0,76,mqtt
2026-04-10T19:35:59.849771,23.4,0,0,7,0,0,0,76,mqtt
2026-04-10T19:36:05.013461,23.4,0,0,7,0,0,0,76,mqtt
2026-04-10T19:36:10.180244,23.4,0,0,7,0,0,0,76,mqtt
2026-04-10T19:36:15.348336,23.4,0,0,7,0,0,0,76,mqtt
2026-04-10T19:36:20.521174,23.4,0,0,7,0,0,0,76,mqtt
2026-04-10T19:36:25.687071,23.4,0,0,7,0,0,0,76,mqtt
2026-04-10T19:36:30.855520,23.4,0,0,7,0,0,0,76,mqtt
2026-04-10T19:36:36.019387,23.4,0,0,7,0,0,0,76,mqtt
2026-04-10T19:36:41.192187,23.4,0,0,7,0,0,0,76,mqtt
2026-04-10T19:36:46.357795,23.4,0,0,7,0,0,0,76,mqtt
2026-04-10T19:36:51.529949,23.4,0,0,7,0,0,0,76,mqtt
2026-04-10T19:36:56.771058,23.4,0,0,7,0,0,0,76,mqtt
2026-04-10T19:37:01.857535,23.4,0,0,7,0,0,0,76,mqtt
2026-04-10T19:37:07.037844,23.4,0,0,7,0,0,0,76,mqtt
2026-04-10T19:37:12.190218,23.4,0,0,7,0,0,0,76,mqtt
2026-04-10T19:37:17.362734,23.4,0,0,7,0,0,0,76,mqtt
2026-04-10T19:37:22.529989,23.4,0,0,7,0,0,0,76,mqtt
2026-04-10T19:37:27.700878,23.4,0,0,7,0,0,0,76,mqtt
2026-04-10T19:37:32.871546,23.4,0,0,7,0,0,0,76,mqtt
2026-04-10T19:37:38.029851,23.4,0,0,7,0,0,0,76,mqtt
2026-04-10T19:37:43.218586,23.4,0,0,7,0,0,0,76,mqtt
2026-04-10T19:37:48.370243,23.4,0,0,7,0,0,0,76,mqtt
2026-04-10T19:37:53.550830,23.4,0,0,7,0,0,0,76,mqtt
2026-04-10T19:37:58.707567,23.4,0,0,7,0,0,0,76,mqtt
2026-04-10T19:38:03.872783,23.4,0,0,7,0,0,0,76,mqtt
2026-04-10T19:38:09.045389,23.4,0,0,7,0,0,0,76,mqtt
2026-04-10T19:38:14.211026,23.4,0,0,7,0,0,0,76,mqtt
2026-04-10T19:38:19.384767,23.4,0,0,7,0,0,0,76,mqtt
2026-04-10T19:38:24.545399,23.4,0,0,7,0,0,0,76,mqtt
2026-04-10T19:38:29.717394,23.4,0,0,7,0,0,0,76,mqtt
2026-04-10T19:38:34.889032,23.4,0,0,7,0,0,0,76,mqtt
2026-04-10T19:38:40.080899,23.4,0,0,7,0,0,0,76,mqtt
2026-04-10T19:38:45.217583,23.4,0,0,7,0,0,0,76,mqtt
2026-04-10T19:38:50.390455,23.4,0,0,7,0,0,0,76,mqtt
2026-04-10T19:38:55.559704,23.4,0,0,7,0,0,0,76,mqtt
2026-04-10T19:39:00.727294,23.4,0,0,7,0,0,0,76,mqtt
2026-04-10T19:39:05.891991,23.4,0,0,7,0,0,0,76,mqtt
2026-04-10T19:39:11.059298,23.4,0,0,7,0,0,0,76,mqtt
2026-04-10T19:39:16.235315,23.4,0,0,7,0,0,0,76,mqtt
2026-04-10T19:39:21.399045,23.4,0,0,7,0,0,0,76,mqtt
2026-04-10T19:39:26.568590,23.4,0,0,7,0,0,0,76,mqtt
2026-04-10T19:39:31.734454,23.4,0,0,7,0,0,0,76,mqtt
2026-04-10T19:39:36.893939,23.4,0,0,7,0,0,0,76,mqtt
2026-04-10T19:39:42.069040,23.4,0,0,7,0,0,0,76,mqtt
2026-04-10T19:39:47.235793,23.4,0,0,7,0,0,0,76,mqtt
2026-04-10T19:39:52.402524,23.4,0,0,7,0,0,0,76,mqtt
2026-04-10T19:39:57.568915,23.4,0,0,7,0,0,0,76,mqtt
2026-04-10T19:40:02.732616,23.4,0,0,7,0,0,0,76,mqtt
2026-04-10T19:40:07.908003,23.4,0,0,7,0,0,0,76,mqtt
2026-04-10T19:40:13.069725,23.4,0,0,7,0,0,0,76,mqtt
2026-04-10T19:40:18.245097,23.4,0,0,7,0,0,0,76,mqtt
2026-04-10T19:40:23.408592,23.4,0,0,7,0,0,0,76,mqtt
2026-04-10T19:40:28.594938,23.4,0,0,7,0,0,0,76,mqtt
2026-04-10T19:40:33.754739,23.4,0,0,7,0,0,0,76,mqtt
2026-04-10T19:40:38.949192,23.4,0,0,7,0,0,0,76,mqtt
2026-04-10T19:40:44.084970,23.4,0,0,7,0,0,0,76,mqtt
2026-04-10T19:40:49.254972,23.4,0,0,7,0,0,0,76,mqtt
2026-04-10T19:40:54.413403,23.4,0,0,7,0,0,0,76,mqtt
2026-04-10T19:40:59.588860,23.4,0,0,7,0,0,0,76,mqtt
2026-04-10T19:41:04.752088,23.4,0,0,7,0,0,0,76,mqtt
2026-04-10T19:41:09.925460,23.4,0,0,7,0,0,0,76,mqtt
2026-04-10T19:41:15.090426,23.4,0,0,7,0,0,0,76,mqtt
2026-04-10T19:41:54.544543,24.9,42.0,348.43,6.88,79.07,49.94,121.14,97,demo
2026-04-10T19:41:56.428868,23.4,0,0,7,0,0,0,76,mqtt
2026-04-10T19:42:01.604445,23.4,0,0,7,0,0,0,76,mqtt
2026-04-10T19:42:06.778571,23.4,0,0,7,0,0,0,76,mqtt
2026-04-10T19:42:11.937128,23.4,0,0,7,0,0,0,76,mqtt
2026-04-10T19:42:17.105134,23.4,0,0,7,0,0,0,76,mqtt
2026-04-10T19:42:22.275478,23.4,0,0,7,0,0,0,76,mqtt
2026-04-10T19:42:27.442057,23.4,0,0,7,0,0,0,76,mqtt
2026-04-10T19:42:32.608230,23.4,0,0,7,0,0,0,76,mqtt
2026-04-10T19:42:37.776285,23.4,0,0,7,0,0,0,76,mqtt
2026-04-10T19:42:42.944485,23.4,0,0,7,0,0,0,76,mqtt
2026-04-10T19:42:48.119141,23.4,0,0,7,0,0,0,76,mqtt
2026-04-10T19:42:53.283432,23.4,0,0,7,0,0,0,76,mqtt
2026-04-10T19:42:58.445259,23.4,0,0,7,0,0,0,76,mqtt
2026-04-10T19:43:03.615057,23.4,0,0,7,0,0,0,76,mqtt
2026-04-10T19:43:08.787457,23.4,0,0,7,0,0,0,76,mqtt
2026-04-10T19:43:13.948722,23.4,0,0,7,0,0,0,76,mqtt
2026-04-10T19:43:19.119812,23.4,0,0,7,0,0,0,76,mqtt
2026-04-10T19:43:24.294133,23.4,0,0,7,0,0,0,76,mqtt
2026-04-10T19:43:29.462381,23.4,0,0,7,0,0,0,76,mqtt
2026-04-10T19:43:34.635318,23.4,0,0,7,0,0,0,76,mqtt
2026-04-10T19:43:39.793385,23.4,0,0,7,0,0,0,76,mqtt
2026-04-10T19:43:58.569506,26.9,43.8,350.15,8.56,78.04,49.3,122.28,86,demo
2026-04-10T19:44:00.461487,23.4,0,0,7,0,0,0,76,mqtt
2026-04-10T19:44:05.648122,23.4,0,0,7,0,0,0,76,mqtt
2026-04-10T19:44:10.801550,23.4,0,0,7,0,0,0,76,mqtt
2026-04-10T19:44:16.009745,23.4,0,0,7,0,0,0,76,mqtt
2026-04-10T19:44:21.215202,23.4,0,0,7,0,0,0,76,mqtt
2026-04-10T19:44:26.302486,23.4,0,0,7,0,0,0,76,mqtt
2026-04-10T19:44:31.467495,23.4,0,0,7,0,0,0,76,mqtt
2026-04-10T19:44:36.638369,23.4,0,0,7,0,0,0,76,mqtt
2026-04-10T19:44:41.813402,23.4,0,0,7,0,0,0,76,mqtt
2026-04-10T19:44:46.984634,23.4,0,0,7,0,0,0,76,mqtt
2026-04-10T19:44:52.148087,23.4,0,0,7,0,0,0,76,mqtt
2026-04-10T19:44:57.311036,23.4,0,0,7,0,0,0,76,mqtt
2026-04-10T19:45:02.478086,23.4,0,0,7,0,0,0,76,mqtt
2026-04-10T19:45:07.647883,23.4,0,0,7,0,0,0,76,mqtt
2026-04-10T19:45:12.813973,23.4,0,0,7,0,0,0,76,mqtt
2026-04-10T19:45:17.983809,23.4,0,0,7,0,0,0,76,mqtt
2026-04-10T19:45:23.150112,23.4,0,0,7,0,0,0,76,mqtt
2026-04-10T19:45:28.314778,23.4,0,0,7,0,0,0,76,mqtt
2026-04-10T19:45:33.486774,23.4,0,0,7,0,0,0,76,mqtt
2026-04-10T19:45:38.658103,23.4,0,0,7,0,0,0,76,mqtt
2026-04-10T19:45:43.821426,23.4,0,0,7,0,0,0,76,mqtt
2026-04-10T19:45:49.010180,23.4,0,0,7,0,0,0,76,mqtt
2026-04-10T19:45:54.157196,23.4,0,0,7,0,0,0,76,mqtt
2026-04-10T19:45:59.322777,23.4,0,0,7,0,0,0,76,mqtt
2026-04-10T19:46:04.505318,23.4,0,0,7,0,0,0,76,mqtt
2026-04-10T19:46:09.663277,23.4,0,0,7,0,0,0,76,mqtt
2026-04-10T19:46:14.857941,23.4,0,0,7,0,0,0,76,mqtt
2026-04-10T19:46:20.003196,23.4,0,0,7,0,0,0,76,mqtt
2026-04-10T19:46:25.164823,23.4,0,0,7,0,0,0,76,mqtt
2026-04-10T19:46:30.333268,23.4,0,0,7,0,0,0,76,mqtt
2026-04-10T19:46:35.502152,23.4,0,0,7,0,0,0,76,mqtt
2026-04-10T19:46:40.668551,23.4,0,0,7,0,0,0,76,mqtt
2026-04-10T19:46:45.874321,23.4,0,0,7,0,0,0,76,mqtt
2026-04-10T19:46:51.001240,23.4,0,0,7,0,0,0,76,mqtt
2026-04-10T19:46:56.168395,23.4,0,0,7,0,0,0,76,mqtt
2026-04-10T19:47:01.347173,23.4,0,0,7,0,0,0,76,mqtt
2026-04-10T19:47:06.506094,23.4,0,0,7,0,0,0,76,mqtt
2026-04-10T19:47:11.675678,23.4,0,0,7,0,0,0,76,mqtt
2026-04-10T19:47:16.878269,23.4,0,0,7,0,0,0,76,mqtt
2026-04-10T19:47:22.019359,23.4,0,0,7,0,0,0,76,mqtt
2026-04-10T19:47:27.181198,23.4,0,0,7,0,0,0,76,mqtt
2026-04-10T19:47:32.352092,23.4,0,0,7,0,0,0,76,mqtt
2026-04-10T19:47:37.516755,23.4,0,0,7,0,0,0,76,mqtt
2026-04-10T19:47:42.696077,23.4,0,0,7,0,0,0,76,mqtt
2026-04-10T19:47:47.856727,23.4,0,0,7,0,0,0,76,mqtt
2026-04-10T19:47:53.020001,23.4,0,0,7,0,0,0,76,mqtt
2026-04-10T19:47:58.189410,23.4,0,0,7,0,0,0,76,mqtt
2026-04-10T19:48:03.357699,23.4,0,0,7,0,0,0,76,mqtt
2026-04-10T19:48:08.520441,23.4,0,0,7,0,0,0,76,mqtt
2026-04-10T19:48:13.688595,23.4,0,0,7,0,0,0,76,mqtt
2026-04-10T19:48:18.863601,23.4,0,0,7,0,0,0,76,mqtt
2026-04-10T19:48:24.026584,23.4,0,0,7,0,0,0,76,mqtt
2026-04-10T19:48:29.194322,23.4,0,0,7,0,0,0,76,mqtt
2026-04-10T19:48:34.359760,23.4,0,0,7,0,0,0,76,mqtt
2026-04-10T19:48:39.530678,23.4,0,0,7,0,0,0,76,mqtt
2026-04-10T19:48:44.700311,23.4,0,0,7,0,0,0,76,mqtt
2026-04-10T19:48:49.870452,23.4,0,0,7,0,0,0,76,mqtt
2026-04-10T19:48:55.043754,23.4,0,0,7,0,0,0,76,mqtt
2026-04-10T19:49:00.201792,23.4,0,0,7,0,0,0,76,mqtt
2026-04-10T19:49:05.370568,23.4,0,0,7,0,0,0,76,mqtt
2026-04-10T19:49:10.542109,23.4,0,0,7,0,0,0,76,mqtt
2026-04-10T19:49:15.706737,23.4,0,0,7,0,0,0,76,mqtt
2026-04-10T19:49:20.877045,23.4,0,0,7,0,0,0,76,mqtt
2026-04-10T19:49:26.042368,23.4,0,0,7,0,0,0,76,mqtt
2026-04-10T19:49:31.226396,23.4,0,0,7,0,0,0,76,mqtt
2026-04-10T19:49:36.379479,23.4,0,0,7,0,0,0,76,mqtt
2026-04-10T19:49:41.544780,23.4,0,0,7,0,0,0,76,mqtt
2026-04-10T19:49:46.710180,23.4,0,0,7,0,0,0,76,mqtt
2026-04-10T19:49:51.879917,23.4,0,0,7,0,0,0,76,mqtt
2026-04-10T19:49:57.059467,23.4,0,0,7,0,0,0,76,mqtt
2026-04-10T19:50:02.226654,23.4,0,0,7,0,0,0,76,mqtt
2026-04-10T19:50:07.388289,23.4,0,0,7,0,0,0,76,mqtt
2026-04-10T19:50:12.551607,23.4,0,0,7,0,0,0,76,mqtt
2026-04-10T19:50:17.730298,23.4,0,0,7,0,0,0,76,mqtt
2026-04-10T19:50:22.889181,23.4,0,0,7,0,0,0,76,mqtt
2026-04-10T19:50:28.058219,23.4,0,0,7,0,0,0,76,mqtt
2026-04-10T19:50:38.392182,23.4,0,0,7,0,0,0,76,mqtt
2026-04-10T19:50:43.579492,23.4,0,0,7,0,0,0,76,mqtt
2026-04-10T19:50:48.736607,23.4,0,0,7,0,0,0,76,mqtt
2026-04-10T19:50:53.909825,23.4,0,0,7,0,0,0,76,mqtt
2026-04-10T19:50:59.066508,23.4,0,0,7,0,0,0,76,mqtt
2026-04-10T19:51:05.553276,23.4,0,0,7,0,0,0,76,mqtt
2026-04-10T19:51:09.404349,23.4,0,0,7,0,0,0,76,mqtt
2026-04-10T19:51:14.578435,23.4,0,0,7,0,0,0,76,mqtt
2026-04-10T19:51:19.739621,23.4,0,0,7,0,0,0,76,mqtt
2026-04-10T19:51:24.904819,23.4,0,0,7,0,0,0,76,mqtt
2026-04-10T19:51:30.068545,23.4,0,0,7,0,0,0,76,mqtt
2026-04-10T19:51:35.242987,23.4,0,0,7,0,0,0,76,mqtt
2026-04-10T19:51:40.409976,23.4,0,0,7,0,0,0,76,mqtt
2026-04-10T19:51:45.575462,23.4,0,0,7,0,0,0,76,mqtt
2026-04-10T19:51:50.752433,23.4,0,0,7,0,0,0,76,mqtt
2026-04-10T19:51:55.916796,23.4,0,0,7,0,0,0,76,mqtt
2026-04-10T19:52:01.081083,23.4,0,0,7,0,0,0,76,mqtt
2026-04-10T19:52:06.247406,23.4,0,0,7,0,0,0,76,mqtt
2026-04-10T19:52:11.468502,23.4,0,0,7,0,0,0,76,mqtt
2026-04-10T19:52:16.579650,23.4,0,0,7,0,0,0,76,mqtt
2026-04-10T19:52:21.750631,23.4,0,0,7,0,0,0,76,mqtt
2026-04-10T19:52:26.917697,23.4,0,0,7,0,0,0,76,mqtt
2026-04-10T19:52:32.088301,23.4,0,0,7,0,0,0,76,mqtt
2026-04-10T19:52:37.257062,23.4,0,0,7,0,0,0,76,mqtt
2026-04-10T19:52:42.420794,23.4,0,0,7,0,0,0,76,mqtt
2026-04-10T19:52:47.653499,23.4,0,0,7,0,0,0,76,mqtt
2026-04-10T19:52:52.760564,23.4,0,0,7,0,0,0,76,mqtt
2026-04-10T19:52:57.930123,23.4,0,0,7,0,0,0,76,mqtt
2026-04-10T19:53:03.096978,23.4,0,0,7,0,0,0,76,mqtt
2026-04-10T19:53:08.262405,23.4,0,0,7,0,0,0,76,mqtt
2026-04-10T19:53:13.426448,23.4,0,0,7,0,0,0,76,mqtt
2026-04-10T19:53:18.599823,23.4,0,0,7,0,0,0,76,mqtt
2026-04-10T19:53:23.765093,23.4,0,0,7,0,0,0,76,mqtt
2026-04-10T19:53:28.948038,23.4,0,0,7,0,0,0,76,mqtt
2026-04-10T19:53:34.103246,23.4,0,0,7,0,0,0,76,mqtt
2026-04-10T19:53:39.274384,23.4,0,0,7,0,0,0,76,mqtt
2026-04-10T19:53:44.447764,23.4,0,0,7,0,0,0,76,mqtt
2026-04-10T19:53:49.602115,23.4,0,0,7,0,0,0,76,mqtt
2026-04-10T19:53:54.773354,23.4,0,0,7,0,0,0,76,mqtt
2026-04-10T19:53:59.942287,23.4,0,0,7,0,0,0,76,mqtt
2026-04-10T19:54:05.106117,23.4,0,0,7,0,0,0,76,mqtt
2026-04-10T19:54:10.275371,23.4,0,0,7,0,0,0,76,mqtt
2026-04-10T19:54:15.453635,23.4,0,0,7,0,0,0,76,mqtt
2026-04-10T19:54:20.623884,23.4,0,0,7,0,0,0,76,mqtt
2026-04-10T19:54:25.786936,23.4,0,0,7,0,0,0,76,mqtt
2026-04-10T19:54:30.946716,23.4,0,0,7,0,0,0,76,mqtt
2026-04-10T19:54:36.158143,23.4,0,0,7,0,0,0,76,mqtt
2026-04-10T19:54:41.284399,23.4,0,0,7,0,0,0,76,mqtt
2026-04-10T19:54:46.457263,23.4,0,0,7,0,0,0,76,mqtt
2026-04-10T19:54:51.624848,23.4,0,0,7,0,0,0,76,mqtt
2026-04-10T19:54:56.787774,23.4,0,0,7,0,0,0,76,mqtt
2026-04-10T19:55:01.955224,23.4,0,0,7,0,0,0,76,mqtt
2026-04-10T19:55:07.120197,23.4,0,0,7,0,0,0,76,mqtt
2026-04-10T19:55:12.293291,23.4,0,0,7,0,0,0,76,mqtt
2026-04-10T19:55:17.460038,23.4,0,0,7,0,0,0,76,mqtt
2026-04-10T19:55:22.635693,23.4,0,0,7,0,0,0,76,mqtt
2026-04-10T19:55:27.792966,23.4,0,0,7,0,0,0,76,mqtt
2026-04-10T19:55:32.964034,23.4,0,0,7,0,0,0,76,mqtt
2026-04-10T19:55:38.141515,23.4,0,0,7,0,0,0,76,mqtt
2026-04-10T19:55:43.300059,23.4,0,0,7,0,0,0,76,mqtt
2026-04-10T19:55:48.466951,23.4,0,0,7,0,0,0,76,mqtt
2026-04-10T19:55:53.640070,23.4,0,0,7,0,0,0,76,mqtt
2026-04-10T19:55:58.804076,23.4,0,0,7,0,0,0,76,mqtt
2026-04-10T19:56:03.977188,23.4,0,0,7,0,0,0,76,mqtt
2026-04-10T19:56:09.138544,23.4,0,0,7,0,0,0,76,mqtt
2026-04-10T19:56:14.307980,23.4,0,0,7,0,0,0,76,mqtt
2026-04-10T19:56:19.470752,23.4,0,0,7,0,0,0,76,mqtt
2026-04-10T19:56:24.641715,23.4,0,0,7,0,0,0,76,mqtt
2026-04-10T19:56:29.809364,23.4,0,0,7,0,0,0,76,mqtt
2026-04-10T19:56:34.977706,23.4,0,0,7,0,0,0,76,mqtt
2026-04-10T19:56:40.145272,23.4,0,0,7,0,0,0,76,mqtt
2026-04-10T19:56:45.320897,23.4,0,0,7,0,0,0,76,mqtt
2026-04-10T19:56:50.484842,23.4,0,0,7,0,0,0,76,mqtt
2026-04-10T19:56:55.653255,23.4,0,0,7,0,0,0,76,mqtt
2026-04-10T19:57:00.819979,23.4,0,0,7,0,0,0,76,mqtt
2026-04-10T19:57:05.991407,23.4,0,0,7,0,0,0,76,mqtt
2026-04-10T19:57:11.158715,23.4,0,0,7,0,0,0,76,mqtt
2026-04-10T19:57:16.322223,23.4,0,0,7,0,0,0,76,mqtt
2026-04-10T19:57:21.491579,23.4,0,0,7,0,0,0,76,mqtt
2026-04-10T19:57:26.662553,23.4,0,0,7,0,0,0,76,mqtt
2026-04-10T19:57:31.840902,23.4,0,0,7,0,0,0,76,mqtt
2026-04-10T19:57:37.000318,23.4,0,0,7,0,0,0,76,mqtt
2026-04-10T19:57:42.163279,23.4,0,0,7,0,0,0,76,mqtt
2026-04-10T19:57:47.327931,23.4,0,0,7,0,0,0,76,mqtt
2026-04-10T19:57:52.498773,23.4,0,0,7,0,0,0,76,mqtt
2026-04-10T19:57:57.668883,23.4,0,0,7,0,0,0,76,mqtt
2026-04-10T19:58:02.902621,23.4,0,0,7,0,0,0,76,mqtt
2026-04-10T19:58:07.997487,23.4,0,0,7,0,0,0,76,mqtt
2026-04-10T19:58:13.168783,23.4,0,0,7,0,0,0,76,mqtt
2026-04-10T19:58:18.342106,23.4,0,0,7,0,0,0,76,mqtt
2026-04-10T19:58:23.523522,23.4,0,0,7,0,0,0,76,mqtt
2026-04-10T19:58:28.680189,23.4,0,0,7,0,0,0,76,mqtt
2026-04-10T19:58:33.857496,23.4,0,0,7,0,0,0,76,mqtt
2026-04-10T19:58:39.015338,23.4,0,0,7,0,0,0,76,mqtt
2026-04-10T19:58:44.177007,23.4,0,0,7,0,0,0,76,mqtt
2026-04-10T19:58:49.353754,23.4,0,0,7,0,0,0,76,mqtt
2026-04-10T19:58:54.512028,23.4,0,0,7,0,0,0,76,mqtt
2026-04-10T19:58:59.681545,23.4,0,0,7,0,0,0,76,mqtt
2026-04-10T19:59:04.848304,23.4,0,0,7,0,0,0,76,mqtt
2026-04-10T19:59:10.014133,23.4,0,0,7,0,0,0,76,mqtt
2026-04-10T19:59:15.188785,23.4,0,0,7,0,0,0,76,mqtt
2026-04-10T19:59:20.354966,23.4,0,0,7,0,0,0,76,mqtt
2026-04-10T19:59:25.518928,23.4,0,0,7,0,0,0,76,mqtt
2026-04-10T19:59:30.692500,23.4,0,0,7,0,0,0,76,mqtt
2026-04-10T19:59:35.857379,23.4,0,0,7,0,0,0,76,mqtt
2026-04-10T19:59:41.025971,23.4,0,0,7,0,0,0,76,mqtt
2026-04-10T19:59:46.190133,23.4,0,0,7,0,0,0,76,mqtt
2026-04-10T19:59:51.373703,23.4,0,0,7,0,0,0,76,mqtt
2026-04-10T19:59:56.526354,23.4,0,0,7,0,0,0,76,mqtt
2026-04-10T20:00:01.700338,23.4,0,0,7,0,0,0,76,mqtt
2026-04-10T20:00:06.992249,23.4,0,0,7,0,0,0,76,mqtt
2026-04-10T20:00:25.021404,23.4,0,0,7,0,0,0,76,mqtt
2026-04-10T20:00:25.296719,23.4,0,0,7,0,0,0,76,mqtt
2026-04-10T20:00:26.764423,23.4,0,0,7,0,0,0,76,mqtt
2026-04-10T20:00:27.689841,23.4,0,0,7,0,0,0,76,mqtt
2026-04-10T20:00:32.819729,23.4,0,0,7,0,0,0,76,mqtt
2026-04-10T20:00:37.866006,23.4,0,0,7,0,0,0,76,mqtt
2026-04-10T20:00:43.042034,23.4,0,0,7,0,0,0,76,mqtt
2026-04-10T20:00:48.208663,23.4,0,0,7,0,0,0,76,mqtt
2026-04-10T20:00:53.370227,23.4,0,0,7,0,0,0,76,mqtt
2026-04-10T20:00:58.551638,23.4,0,0,7,0,0,0,76,mqtt
2026-04-10T20:01:03.706201,23.4,0,0,7,0,0,0,76,mqtt
2026-04-10T20:01:08.875108,23.4,0,0,7,0,0,0,76,mqtt
2026-04-10T20:01:14.050846,23.4,0,0,7,0,0,0,76,mqtt
2026-04-10T20:01:19.209198,23.4,0,0,7,0,0,0,76,mqtt
2026-04-10T20:01:24.377517,23.4,0,0,7,0,0,0,76,mqtt
2026-04-10T20:01:29.554403,23.4,0,0,7,0,0,0,76,mqtt
2026-04-10T20:01:34.713210,23.4,0,0,7,0,0,0,76,mqtt
2026-04-10T20:01:39.889113,23.4,0,0,7,0,0,0,76,mqtt
2026-04-10T20:01:45.077500,23.4,0,0,7,0,0,0,76,mqtt
2026-04-10T20:01:50.235103,23.4,0,0,7,0,0,0,76,mqtt
2026-04-10T20:01:55.389750,23.4,0,0,7,0,0,0,76,mqtt
2026-04-10T20:02:00.552465,23.4,0,0,7,0,0,0,76,mqtt
2026-04-10T20:02:05.741009,23.4,0,0,7,0,0,0,76,mqtt
2026-04-10T20:02:10.888277,23.4,0,0,7,0,0,0,76,mqtt
2026-04-10T20:02:16.092970,23.4,0,0,7,0,0,0,76,mqtt
2026-04-10T20:02:21.242103,23.4,0,0,7,0,0,0,76,mqtt
2026-04-10T20:02:26.422469,23.4,0,0,7,0,0,0,76,mqtt
2026-04-10T20:02:31.559507,23.4,0,0,7,0,0,0,76,mqtt
2026-04-10T20:02:36.727524,23.4,0,0,7,0,0,0,76,mqtt
2026-04-10T20:02:41.891608,23.4,0,0,7,0,0,0,76,mqtt
2026-04-10T20:02:47.101279,23.4,0,0,7,0,0,0,76,mqtt
2026-04-10T20:02:52.238020,23.4,0,0,7,0,0,0,76,mqtt
2026-04-10T20:02:57.410772,23.4,0,0,7,0,0,0,76,mqtt
2026-04-10T20:03:02.571803,23.4,0,0,7,0,0,0,76,mqtt
2026-04-10T20:03:07.739006,23.4,0,0,7,0,0,0,76,mqtt
2026-04-10T20:03:12.900396,23.4,0,0,7,0,0,0,76,mqtt
2026-04-10T20:03:18.098951,23.4,0,0,7,0,0,0,76,mqtt
2026-04-10T20:03:23.240473,23.4,0,0,7,0,0,0,76,mqtt
2026-04-10T20:03:28.409479,23.4,0,0,7,0,0,0,76,mqtt
2026-04-10T20:03:33.572554,23.4,0,0,7,0,0,0,76,mqtt
2026-04-10T20:03:38.745394,23.4,0,0,7,0,0,0,76,mqtt
2026-04-10T20:03:43.914362,23.4,0,0,7,0,0,0,76,mqtt
2026-04-10T20:03:49.090710,23.4,0,0,7,0,0,0,76,mqtt
2026-04-10T20:03:54.266120,23.4,0,0,7,0,0,0,76,mqtt
2026-04-10T20:03:59.551831,23.4,0,0,7,0,0,0,76,mqtt
2026-04-10T20:04:04.582674,23.4,0,0,7,0,0,0,76,mqtt
2026-04-10T20:04:09.749481,23.4,0,0,7,0,0,0,76,mqtt
2026-04-10T20:04:14.925621,23.4,0,0,7,0,0,0,76,mqtt
2026-04-10T20:04:20.085022,23.4,0,0,7,0,0,0,76,mqtt
2026-04-10T20:04:25.255462,23.4,0,0,7,0,0,0,76,mqtt
2026-04-10T20:04:30.420529,23.4,0,0,7,0,0,0,76,mqtt
2026-04-10T20:04:35.589358,23.4,0,0,7,0,0,0,76,mqtt
2026-04-10T20:04:40.770928,23.4,0,0,7,0,0,0,76,mqtt
2026-04-10T20:04:45.947075,23.4,0,0,7,0,0,0,76,mqtt
2026-04-10T20:04:51.088618,23.4,0,0,7,0,0,0,76,mqtt
2026-04-10T20:04:56.272959,23.4,0,0,7,0,0,0,76,mqtt
2026-04-10T20:05:01.467109,23.4,0,0,7,0,0,0,76,mqtt
2026-04-10T20:05:06.596899,23.4,0,0,7,0,0,0,76,mqtt
2026-04-10T20:05:11.762904,23.4,0,0,7,0,0,0,76,mqtt
2026-04-10T20:05:16.947685,23.4,0,0,7,0,0,0,76,mqtt
2026-04-10T20:05:22.098745,23.4,0,0,7,0,0,0,76,mqtt
2026-04-10T20:05:27.267813,23.4,0,0,7,0,0,0,76,mqtt
2026-04-10T20:05:32.453305,23.4,0,0,7,0,0,0,76,mqtt
2026-04-10T20:05:37.621990,23.4,0,0,7,0,0,0,76,mqtt
2026-04-10T20:05:42.773772,23.4,0,0,7,0,0,0,76,mqtt
2026-04-10T20:05:47.941301,23.4,0,0,7,0,0,0,76,mqtt
2026-04-10T20:05:53.108570,23.4,0,0,7,0,0,0,76,mqtt
2026-04-10T20:05:58.280540,23.4,0,0,7,0,0,0,76,mqtt
2026-04-10T20:06:03.447034,23.4,0,0,7,0,0,0,76,mqtt
2026-04-10T20:06:08.634327,23.4,0,0,7,0,0,0,76,mqtt
2026-04-10T20:06:13.778585,23.4,0,0,7,0,0,0,76,mqtt
2026-04-10T20:06:18.947819,23.4,0,0,7,0,0,0,76,mqtt
2026-04-10T20:06:24.115006,23.4,0,0,7,0,0,0,76,mqtt
2026-04-10T20:06:29.289677,23.4,0,0,7,0,0,0,76,mqtt
2026-04-10T20:06:34.458580,23.4,0,0,7,0,0,0,76,mqtt
2026-04-10T20:06:39.619327,23.4,0,0,7,0,0,0,76,mqtt
2026-04-10T20:06:44.791087,23.4,0,0,7,0,0,0,76,mqtt
2026-04-10T20:06:50.079696,23.4,0,0,7,0,0,0,76,mqtt
2026-04-10T20:06:55.141449,23.4,0,0,7,0,0,0,76,mqtt
2026-04-10T20:07:00.294291,23.4,0,0,7,0,0,0,76,mqtt
2026-04-10T20:07:05.460118,23.4,0,0,7,0,0,0,76,mqtt
2026-04-10T20:07:10.630388,23.4,0,0,7,0,0,0,76,mqtt
2026-04-10T20:07:15.795246,23.4,0,0,7,0,0,0,76,mqtt
2026-04-10T20:07:20.970391,23.4,0,0,7,0,0,0,76,mqtt
2026-04-10T20:07:26.137184,23.4,0,0,7,0,0,0,76,mqtt
2026-04-10T20:07:31.304829,23.4,0,0,7,0,0,0,76,mqtt
2026-04-10T20:07:36.475726,23.4,0,0,7,0,0,0,76,mqtt
2026-04-10T20:07:41.637353,23.4,0,0,7,0,0,0,76,mqtt
2026-04-10T20:07:46.816653,23.4,0,0,7,0,0,0,76,mqtt
2026-04-10T20:07:51.993426,23.4,0,0,7,0,0,0,76,mqtt
2026-04-10T20:07:57.140712,23.4,0,0,7,0,0,0,76,mqtt
2026-04-10T20:08:02.305119,23.4,0,0,7,0,0,0,76,mqtt
2026-04-10T20:08:07.477347,23.4,0,0,7,0,0,0,76,mqtt
2026-04-10T20:08:12.673376,23.4,0,0,7,0,0,0,76,mqtt
2026-04-10T20:08:17.810036,23.4,0,0,7,0,0,0,76,mqtt
2026-04-10T20:08:22.975839,23.4,0,0,7,0,0,0,76,mqtt
2026-04-10T20:08:28.152110,23.4,0,0,7,0,0,0,76,mqtt
2026-04-10T20:08:33.314724,23.4,0,0,7,0,0,0,76,mqtt
2026-04-10T20:08:38.487078,23.4,0,0,7,0,0,0,76,mqtt
2026-04-10T20:08:43.652945,23.4,0,0,7,0,0,0,76,mqtt
2026-04-10T20:08:48.818032,23.4,0,0,7,0,0,0,76,mqtt
2026-04-10T20:08:53.999508,23.4,0,0,7,0,0,0,76,mqtt
2026-04-10T20:08:59.157862,23.4,0,0,7,0,0,0,76,mqtt
2026-04-10T20:09:04.323292,23.4,0,0,7,0,0,0,76,mqtt
2026-04-10T20:09:09.503523,23.4,0,0,7,0,0,0,76,mqtt
2026-04-10T20:09:14.658541,23.4,0,0,7,0,0,0,76,mqtt
2026-04-10T20:09:19.827399,23.4,0,0,7,0,0,0,76,mqtt
2026-04-10T20:09:25.000685,23.4,0,0,7,0,0,0,76,mqtt
2026-04-10T20:09:30.166222,23.4,0,0,7,0,0,0,76,mqtt
2026-04-10T20:09:35.331525,23.4,0,0,7,0,0,0,76,mqtt
2026-04-10T20:09:40.506650,23.4,0,0,7,0,0,0,76,mqtt
2026-04-10T20:09:45.670935,23.4,0,0,7,0,0,0,76,mqtt
2026-04-10T20:09:50.837046,23.4,0,0,7,0,0,0,76,mqtt
2026-04-10T20:09:56.004065,23.4,0,0,7,0,0,0,76,mqtt
2026-04-10T20:10:01.179029,23.4,0,0,7,0,0,0,76,mqtt
2026-04-10T20:10:06.336693,23.4,0,0,7,0,0,0,76,mqtt
2026-04-10T20:10:11.502971,23.4,0,0,7,0,0,0,76,mqtt
2026-04-10T20:10:16.676709,23.4,0,0,7,0,0,0,76,mqtt
2026-04-10T20:10:21.841463,23.4,0,0,7,0,0,0,76,mqtt
2026-04-10T20:10:27.017565,23.4,0,0,7,0,0,0,76,mqtt
2026-04-10T20:10:32.187429,23.4,0,0,7,0,0,0,76,mqtt
2026-04-10T20:10:37.347880,23.4,0,0,7,0,0,0,76,mqtt
2026-04-10T20:10:42.516686,23.4,0,0,7,0,0,0,76,mqtt
2026-04-10T20:10:47.686070,23.4,0,0,7,0,0,0,76,mqtt
2026-04-10T20:10:52.850636,23.4,0,0,7,0,0,0,76,mqtt
2026-04-10T20:10:58.019508,23.4,0,0,7,0,0,0,76,mqtt
2026-04-10T20:11:03.191122,23.4,0,0,7,0,0,0,76,mqtt
2026-04-10T20:11:08.361132,23.4,0,0,7,0,0,0,76,mqtt
2026-04-10T20:11:13.529511,23.4,0,0,7,0,0,0,76,mqtt
2026-04-10T20:11:18.691202,23.4,0,0,7,0,0,0,76,mqtt
2026-04-10T20:11:23.863379,23.4,0,0,7,0,0,0,76,mqtt
2026-04-10T20:11:29.024931,23.4,0,0,7,0,0,0,76,mqtt
2026-04-10T20:11:34.194228,23.4,0,0,7,0,0,0,76,mqtt
2026-04-10T20:11:39.361169,23.4,0,0,7,0,0,0,76,mqtt
2026-04-10T20:11:44.529861,23.4,0,0,7,0,0,0,76,mqtt
2026-04-10T20:11:49.706185,23.4,0,0,7,0,0,0,76,mqtt
2026-04-10T20:11:54.880955,23.4,0,0,7,0,0,0,76,mqtt
2026-04-10T20:12:00.032810,23.4,0,0,7,0,0,0,76,mqtt
2026-04-10T20:12:05.218486,23.4,0,0,7,0,0,0,76,mqtt
2026-04-10T20:12:10.368577,23.4,0,0,7,0,0,0,76,mqtt
2026-04-10T20:12:15.540760,23.4,0,0,7,0,0,0,76,mqtt
2026-04-10T20:12:20.705431,23.4,0,0,7,0,0,0,76,mqtt
2026-04-10T20:12:25.875995,23.4,0,0,7,0,0,0,76,mqtt
2026-04-10T20:12:31.044394,23.4,0,0,7,0,0,0,76,mqtt
2026-04-10T20:12:36.212558,23.4,0,0,7,0,0,0,76,mqtt
2026-04-10T20:12:41.378454,23.4,0,0,7,0,0,0,76,mqtt
2026-04-10T20:12:46.543912,23.4,0,0,7,0,0,0,76,mqtt
2026-04-10T20:12:51.729899,23.4,0,0,7,0,0,0,76,mqtt
2026-04-10T20:12:56.884141,23.4,0,0,7,0,0,0,76,mqtt
2026-04-10T20:13:02.050766,23.4,0,0,7,0,0,0,76,mqtt
2026-04-10T20:13:07.215893,23.4,0,0,7,0,0,0,76,mqtt
2026-04-10T20:13:12.386724,23.4,0,0,7,0,0,0,76,mqtt
2026-04-10T20:13:17.552345,23.4,0,0,7,0,0,0,76,mqtt
2026-04-10T20:13:22.728075,23.4,0,0,7,0,0,0,76,mqtt
2026-04-10T20:13:27.888703,23.4,0,0,7,0,0,0,76,mqtt
2026-04-10T20:13:33.056329,23.4,0,0,7,0,0,0,76,mqtt
2026-04-10T20:13:38.223575,23.4,0,0,7,0,0,0,76,mqtt
2026-04-10T20:13:43.391937,23.4,0,0,7,0,0,0,76,mqtt
2026-04-10T20:13:48.568442,23.4,0,0,7,0,0,0,76,mqtt
2026-04-10T20:13:53.727210,23.4,0,0,7,0,0,0,76,mqtt
2026-04-10T20:13:58.898679,23.4,0,0,7,0,0,0,76,mqtt
2026-04-10T20:14:04.093029,23.4,0,0,7,0,0,0,76,mqtt
2026-04-10T20:14:09.228190,23.4,0,0,7,0,0,0,76,mqtt
2026-04-10T20:14:14.407694,23.4,0,0,7,0,0,0,76,mqtt
2026-04-10T20:14:19.577650,23.4,0,0,7,0,0,0,76,mqtt
2026-04-10T20:14:24.738699,23.4,0,0,7,0,0,0,76,mqtt
2026-04-10T20:14:29.900830,23.4,0,0,7,0,0,0,76,mqtt
2026-04-10T20:14:35.074333,23.4,0,0,7,0,0,0,76,mqtt
2026-04-10T20:14:40.249227,23.4,0,0,7,0,0,0,76,mqtt
2026-04-10T20:14:45.417356,23.4,0,0,7,0,0,0,76,mqtt
2026-04-10T20:14:50.581803,23.4,0,0,7,0,0,0,76,mqtt
2026-04-10T20:14:55.746481,23.4,0,0,7,0,0,0,76,mqtt
2026-04-10T20:15:00.915747,23.4,0,0,7,0,0,0,76,mqtt
2026-04-10T20:15:06.085896,23.4,0,0,7,0,0,0,76,mqtt
2026-04-10T20:15:11.251955,23.4,0,0,7,0,0,0,76,mqtt
2026-04-10T20:15:16.411629,23.4,0,0,7,0,0,0,76,mqtt
2026-04-10T20:15:21.586403,23.4,0,0,7,0,0,0,76,mqtt
2026-04-10T20:15:26.750299,23.4,0,0,7,0,0,0,76,mqtt
2026-04-10T20:15:31.918108,23.4,0,0,7,0,0,0,76,mqtt
2026-04-10T20:15:37.101608,23.4,0,0,7,0,0,0,76,mqtt
2026-04-10T20:15:42.254149,23.4,0,0,7,0,0,0,76,mqtt
2026-04-10T20:15:47.425071,23.4,0,0,7,0,0,0,76,mqtt
2026-04-10T20:15:52.600781,23.4,0,0,7,0,0,0,76,mqtt
2026-04-10T20:15:57.760825,23.4,0,0,7,0,0,0,76,mqtt
2026-04-10T20:16:02.933665,23.4,0,0,7,0,0,0,76,mqtt
2026-04-10T20:16:08.097439,23.4,0,0,7,0,0,0,76,mqtt
2026-04-10T20:16:13.262007,23.4,0,0,7,0,0,0,76,mqtt
2026-04-10T20:16:18.442914,23.4,0,0,7,0,0,0,76,mqtt
2026-04-10T20:16:23.596247,23.4,0,0,7,0,0,0,76,mqtt
2026-04-10T20:16:28.769419,23.4,0,0,7,0,0,0,76,mqtt
2026-04-10T20:16:33.933095,23.4,0,0,7,0,0,0,76,mqtt
2026-04-10T20:16:39.104536,23.4,0,0,7,0,0,0,76,mqtt
2026-04-10T20:16:44.270091,23.4,0,0,7,0,0,0,76,mqtt
2026-04-10T20:16:49.438128,23.4,0,0,7,0,0,0,76,mqtt
2026-04-10T20:16:54.611394,23.4,0,0,7,0,0,0,76,mqtt
2026-04-10T20:16:59.775772,23.4,0,0,7,0,0,0,76,mqtt
2026-04-10T20:17:04.946504,23.4,0,0,7,0,0,0,76,mqtt
2026-04-10T20:17:10.119559,23.4,0,0,7,0,0,0,76,mqtt
2026-04-10T20:17:15.281828,23.4,0,0,7,0,0,0,76,mqtt
2026-04-10T20:17:20.447860,23.4,0,0,7,0,0,0,76,mqtt
2026-04-10T20:17:25.612919,23.4,0,0,7,0,0,0,76,mqtt
2026-04-10T20:17:30.788241,23.4,0,0,7,0,0,0,76,mqtt
2026-04-10T20:17:35.953852,23.4,0,0,7,0,0,0,76,mqtt
2026-04-10T20:17:41.134652,23.4,0,0,7,0,0,0,76,mqtt
2026-04-10T20:17:46.291248,23.4,0,0,7,0,0,0,76,mqtt
2026-04-10T20:17:51.459164,23.4,0,0,7,0,0,0,76,mqtt
2026-04-10T20:17:56.632864,23.4,0,0,7,0,0,0,76,mqtt
2026-04-10T20:18:01.789441,23.4,0,0,7,0,0,0,76,mqtt
2026-04-10T20:18:06.958777,23.4,0,0,7,0,0,0,76,mqtt
2026-04-10T20:18:12.126591,23.4,0,0,7,0,0,0,76,mqtt
2026-04-10T20:18:17.305406,23.4,0,0,7,0,0,0,76,mqtt
2026-04-10T20:18:22.469471,23.4,0,0,7,0,0,0,76,mqtt
2026-04-10T20:18:27.633329,23.4,0,0,7,0,0,0,76,mqtt
2026-04-10T20:18:32.796601,23.4,0,0,7,0,0,0,76,mqtt
2026-04-10T20:18:37.971663,23.4,0,0,7,0,0,0,76,mqtt
2026-04-10T20:18:43.135423,23.4,0,0,7,0,0,0,76,mqtt
2026-04-10T20:18:48.362524,23.4,0,0,7,0,0,0,76,mqtt
2026-04-10T20:18:53.471752,23.4,0,0,7,0,0,0,76,mqtt
2026-04-10T20:18:58.638061,23.4,0,0,7,0,0,0,76,mqtt
2026-04-10T20:19:03.805344,23.4,0,0,7,0,0,0,76,mqtt
2026-04-10T20:19:09.009150,23.4,0,0,7,0,0,0,76,mqtt
2026-04-10T20:19:14.139741,23.4,0,0,7,0,0,0,76,mqtt
2026-04-10T20:19:19.307242,23.4,0,0,7,0,0,0,76,mqtt
2026-04-10T20:19:24.477403,23.4,0,0,7,0,0,0,76,mqtt
2026-04-10T20:19:29.652799,23.4,0,0,7,0,0,0,76,mqtt
2026-04-10T20:19:34.812387,23.4,0,0,7,0,0,0,76,mqtt
2026-04-10T20:19:39.979220,23.4,0,0,7,0,0,0,76,mqtt
2026-04-10T20:19:45.154125,23.4,0,0,7,0,0,0,76,mqtt
2026-04-10T20:19:50.320025,23.4,0,0,7,0,0,0,76,mqtt
2026-04-10T20:19:55.485139,23.4,0,0,7,0,0,0,76,mqtt
2026-04-10T20:20:00.673102,23.4,0,0,7,0,0,0,76,mqtt
2026-04-10T20:20:05.821687,23.4,0,0,7,0,0,0,76,mqtt
2026-04-10T20:20:11.004558,23.4,0,0,7,0,0,0,76,mqtt
2026-04-10T20:20:16.153872,23.4,0,0,7,0,0,0,76,mqtt
2026-04-10T20:20:21.327410,23.4,0,0,7,0,0,0,76,mqtt
2026-04-10T20:20:26.493600,23.4,0,0,7,0,0,0,76,mqtt
2026-04-10T20:20:31.662209,23.4,0,0,7,0,0,0,76,mqtt
2026-04-10T20:20:36.836570,23.4,0,0,7,0,0,0,76,mqtt
2026-04-10T20:20:42.033959,23.4,0,0,7,0,0,0,76,mqtt
2026-04-10T20:20:47.163622,23.4,0,0,7,0,0,0,76,mqtt
2026-04-10T20:20:52.339389,23.4,0,0,7,0,0,0,76,mqtt
2026-04-10T20:20:57.503273,23.4,0,0,7,0,0,0,76,mqtt
2026-04-10T20:21:02.685009,23.4,0,0,7,0,0,0,76,mqtt
2026-04-10T20:21:07.841633,23.4,0,0,7,0,0,0,76,mqtt
2026-04-10T20:21:13.001729,23.4,0,0,7,0,0,0,76,mqtt
2026-04-10T20:21:18.171465,23.4,0,0,7,0,0,0,76,mqtt
2026-04-10T20:21:23.339108,23.4,0,0,7,0,0,0,76,mqtt
2026-04-10T20:21:28.518383,23.4,0,0,7,0,0,0,76,mqtt
2026-04-10T20:21:33.679645,23.4,0,0,7,0,0,0,76,mqtt
2026-04-10T20:21:38.843794,23.4,0,0,7,0,0,0,76,mqtt
2026-04-10T20:21:44.009837,23.4,0,0,7,0,0,0,76,mqtt
2026-04-10T20:21:49.193906,23.4,0,0,7,0,0,0,76,mqtt
2026-04-10T20:21:54.350066,23.4,0,0,7,0,0,0,76,mqtt
2026-04-10T20:21:59.518033,23.4,0,0,7,0,0,0,76,mqtt
2026-04-10T20:22:04.687346,23.4,0,0,7,0,0,0,76,mqtt
2026-04-10T20:22:09.856413,23.4,0,0,7,0,0,0,76,mqtt
2026-04-10T20:22:15.022036,23.4,0,0,7,0,0,0,76,mqtt
2026-04-10T20:22:20.186440,23.4,0,0,7,0,0,0,76,mqtt
2026-04-10T20:22:25.352673,23.4,0,0,7,0,0,0,76,mqtt
2026-04-10T20:22:30.677382,23.4,0,0,7,0,0,0,76,mqtt
2026-04-10T20:22:35.780541,23.4,0,0,7,0,0,0,76,mqtt
2026-04-10T20:22:40.906804,23.4,0,0,7,0,0,0,76,mqtt
2026-04-10T20:22:46.042305,23.4,0,0,7,0,0,0,76,mqtt
2026-04-10T20:22:51.254502,23.4,0,0,7,0,0,0,76,mqtt
2026-04-10T20:22:56.362205,23.4,0,0,7,0,0,0,76,mqtt
2026-04-10T20:23:01.526334,23.4,0,0,7,0,0,0,76,mqtt
2026-04-10T20:23:06.698772,23.4,0,0,7,0,0,0,76,mqtt
2026-04-10T20:23:11.893511,23.4,0,0,7,0,0,0,76,mqtt
2026-04-10T20:23:17.032639,23.4,0,0,7,0,0,0,76,mqtt
2026-04-10T20:23:22.204595,23.4,0,0,7,0,0,0,76,mqtt
2026-04-10T20:23:27.381487,23.4,0,0,7,0,0,0,76,mqtt
2026-04-10T20:23:32.535796,23.4,0,0,7,0,0,0,76,mqtt
2026-04-10T20:23:37.704001,23.4,0,0,7,0,0,0,76,mqtt
2026-04-10T20:23:42.867647,23.4,0,0,7,0,0,0,76,mqtt
2026-04-10T20:23:48.073029,23.4,0,0,7,0,0,0,76,mqtt
2026-04-10T20:23:53.210980,23.4,0,0,7,0,0,0,76,mqtt
2026-04-10T20:23:58.377479,23.4,0,0,7,0,0,0,76,mqtt
2026-04-10T20:24:03.543110,23.4,0,0,7,0,0,0,76,mqtt
2026-04-10T20:24:08.712081,23.4,0,0,7,0,0,0,76,mqtt
2026-04-10T20:24:13.879408,23.4,0,0,7,0,0,0,76,mqtt
2026-04-10T20:24:19.045913,23.4,0,0,7,0,0,0,76,mqtt
2026-04-10T20:24:24.214180,23.4,0,0,7,0,0,0,76,mqtt
2026-04-10T20:24:29.386541,23.4,0,0,7,0,0,0,76,mqtt
2026-04-10T20:24:34.549367,23.4,0,0,7,0,0,0,76,mqtt
2026-04-10T20:24:39.744641,23.4,0,0,7,0,0,0,76,mqtt
2026-04-10T20:24:44.890123,23.4,0,0,7,0,0,0,76,mqtt
2026-04-10T20:24:50.079368,23.4,0,0,7,0,0,0,76,mqtt
2026-04-10T20:24:55.221882,23.4,0,0,7,0,0,0,76,mqtt
2026-04-10T20:25:00.404687,23.4,0,0,7,0,0,0,76,mqtt
2026-04-10T20:25:05.555550,23.4,0,0,7,0,0,0,76,mqtt
2026-04-10T20:25:10.724778,23.4,0,0,7,0,0,0,76,mqtt
2026-04-10T20:25:15.909612,23.4,0,0,7,0,0,0,76,mqtt
2026-04-10T20:25:21.061308,23.4,0,0,7,0,0,0,76,mqtt
2026-04-10T20:25:26.239459,23.4,0,0,7,0,0,0,76,mqtt
2026-04-10T20:25:31.398361,23.4,0,0,7,0,0,0,76,mqtt
2026-04-10T20:25:36.568423,23.4,0,0,7,0,0,0,76,mqtt
2026-04-10T20:25:41.737981,23.4,0,0,7,0,0,0,76,mqtt
2026-04-10T20:25:46.907698,23.4,0,0,7,0,0,0,76,mqtt
2026-04-10T20:25:52.091772,23.4,0,0,7,0,0,0,76,mqtt
2026-04-10T20:25:57.238502,23.4,0,0,7,0,0,0,76,mqtt
2026-04-10T20:26:02.407530,23.4,0,0,7,0,0,0,76,mqtt
2026-04-10T20:26:07.572791,23.4,0,0,7,0,0,0,76,mqtt
2026-04-10T20:26:12.774013,23.4,0,0,7,0,0,0,76,mqtt
2026-04-10T20:26:17.911495,23.4,0,0,7,0,0,0,76,mqtt
2026-04-10T20:26:23.084500,23.4,0,0,7,0,0,0,76,mqtt
2026-04-10T20:26:28.244581,23.4,0,0,7,0,0,0,76,mqtt
2026-04-10T20:26:33.411413,23.4,0,0,7,0,0,0,76,mqtt
2026-04-10T20:26:38.580008,23.4,0,0,7,0,0,0,76,mqtt
2026-04-10T20:26:43.762407,23.4,0,0,7,0,0,0,76,mqtt
2026-04-10T20:26:48.918716,23.3,0,0,7,0,0,0,76,mqtt
2026-04-10T20:26:54.083540,23.1,0,0,7,0,0,0,76,mqtt
2026-04-10T20:26:59.296570,23,0,0,7,0,0,0,76,mqtt
2026-04-10T20:27:04.435527,23,0,0,7,0,0,0,76,mqtt
2026-04-10T20:27:09.586829,23,0,0,7,0,0,0,76,mqtt
2026-04-10T20:27:14.755412,23,0,0,7,0,0,0,76,mqtt
2026-04-10T20:27:19.926800,23,0,0,7,0,0,0,76,mqtt
2026-04-10T20:27:25.088837,23,0,0,7,0,0,0,76,mqtt
2026-04-10T20:27:30.270054,23,0,0,7,0,0,0,76,mqtt
2026-04-10T20:27:35.433675,23,0,0,7,0,0,0,76,mqtt
2026-04-10T20:27:40.596040,23,0,0,7,0,0,0,76,mqtt
2026-04-10T20:27:45.761462,23,0,0,7,0,0,0,76,mqtt
2026-04-10T20:27:50.930405,23,0,0,7,0,0,0,76,mqtt
2026-04-10T20:27:56.098757,23,0,0,7,0,0,0,76,mqtt
2026-04-10T20:28:01.310610,23,0,0,7,0,0,0,76,mqtt
2026-04-10T20:28:06.431339,23,0,0,7,0,0,0,76,mqtt
2026-04-10T20:28:11.598787,23,0,0,7,0,0,0,76,mqtt
2026-04-10T20:28:16.766426,23,0,0,7,0,0,0,76,mqtt
2026-04-10T20:28:21.937485,23,0,0,7,0,0,0,76,mqtt
2026-04-10T20:28:27.109549,23,0,0,7,0,0,0,76,mqtt
2026-04-10T20:28:32.275171,23,0,0,7,0,0,0,76,mqtt
2026-04-10T20:28:37.444797,23,0,0,7,0,0,0,76,mqtt
2026-04-10T20:28:42.606824,23,0,0,7,0,0,0,76,mqtt
2026-04-10T20:28:47.782963,23,0,0,7,0,0,0,76,mqtt
2026-04-10T20:28:52.945023,23,0,0,7,0,0,0,76,mqtt
2026-04-10T20:28:58.121673,23,0,0,7,0,0,0,76,mqtt
2026-04-10T20:29:03.288717,23,0,0,7,0,0,0,76,mqtt
2026-04-10T20:29:08.449972,23,0,0,7,0,0,0,76,mqtt
2026-04-10T20:29:13.615610,23,0,0,7,0,0,0,76,mqtt
2026-04-10T20:29:18.781877,23,0,0,7,0,0,0,76,mqtt
2026-04-10T20:29:23.956312,23,0,0,7,0,0,0,76,mqtt
2026-04-10T20:29:29.120793,23,0,0,7,0,0,0,76,mqtt
2026-04-10T20:29:34.322258,23,0,0,7,0,0,0,76,mqtt
2026-04-10T20:29:39.455770,23,0,0,7,0,0,0,76,mqtt
2026-04-10T20:29:44.624008,23,0,0,7,0,0,0,76,mqtt
2026-04-10T20:29:49.802650,23,0,0,7,0,0,0,76,mqtt
2026-04-10T20:29:54.962076,23,0,0,7,0,0,0,76,mqtt
2026-04-10T20:30:00.128033,23,0,0,7,0,0,0,76,mqtt
2026-04-10T20:30:05.304367,23,0,0,7,0,0,0,76,mqtt
2026-04-10T20:30:10.463834,23,0,0,7,0,0,0,76,mqtt
2026-04-10T20:30:15.635042,23,0,0,7,0,0,0,76,mqtt
2026-04-10T20:30:20.807028,23,0,0,7,0,0,0,76,mqtt
2026-04-10T20:30:25.972457,23,0,0,7,0,0,0,76,mqtt
2026-04-10T20:30:31.170247,23,0,0,7,0,0,0,76,mqtt
2026-04-10T20:30:36.303460,23,0,0,7,0,0,0,76,mqtt
2026-04-10T20:30:41.475163,23,0,0,7,0,0,0,76,mqtt
2026-04-10T20:30:46.635144,23,0,0,7,0,0,0,76,mqtt
2026-04-10T20:30:51.810451,23,0,0,7,0,0,0,76,mqtt
2026-04-10T20:30:56.975981,23,0,0,7,0,0,0,76,mqtt
2026-04-10T20:31:02.149394,23,0,0,7,0,0,0,76,mqtt
2026-04-10T20:31:07.322054,23,0,0,7,0,0,0,76,mqtt
2026-04-10T20:31:12.477929,23,0,0,7,0,0,0,76,mqtt
2026-04-10T20:31:17.646470,23,0,0,7,0,0,0,76,mqtt
2026-04-10T20:31:22.831394,23,0,0,7,0,0,0,76,mqtt
2026-04-10T20:31:27.983275,23,0,0,7,0,0,0,76,mqtt
2026-04-10T20:31:33.160397,23,0,0,7,0,0,0,76,mqtt
2026-04-10T20:31:38.318282,23,0,0,7,0,0,0,76,mqtt
2026-04-10T20:31:43.491279,23,0,0,7,0,0,0,76,mqtt
2026-04-10T20:31:48.653954,23,0,0,7,0,0,0,76,mqtt
2026-04-10T20:31:53.826445,23,0,0,7,0,0,0,76,mqtt
2026-04-10T20:31:58.988819,23,0,0,7,0,0,0,76,mqtt
2026-04-10T20:32:04.157788,23,0,0,7,0,0,0,76,mqtt
2026-04-10T20:32:09.326726,23,0,0,7,0,0,0,76,mqtt
2026-04-10T20:32:14.495407,23,0,0,7,0,0,0,76,mqtt
2026-04-10T20:32:19.660969,23,0,0,7,0,0,0,76,mqtt
2026-04-10T20:32:24.829876,23,0,0,7,0,0,0,76,mqtt
2026-04-10T20:32:29.999002,23,0,0,7,0,0,0,76,mqtt
2026-04-10T20:32:35.171631,23,0,0,7,0,0,0,76,mqtt
2026-04-10T20:32:40.333557,23,0,0,7,0,0,0,76,mqtt
2026-04-10T20:32:45.497986,23,0,0,7,0,0,0,76,mqtt
2026-04-10T20:32:50.695398,23,0,0,7,0,0,0,76,mqtt
2026-04-10T20:32:55.836206,23,0,0,7,0,0,0,76,mqtt
2026-04-10T20:33:01.002252,23,0,0,7,0,0,0,76,mqtt
2026-04-10T20:33:06.176150,23,0,0,7,0,0,0,76,mqtt
2026-04-10T20:33:11.339332,23,0,0,7,0,0,0,76,mqtt
2026-04-10T20:33:16.519925,23,0,0,7,0,0,0,76,mqtt
2026-04-10T20:33:21.673879,23,0,0,7,0,0,0,76,mqtt
2026-04-10T20:33:26.868248,23,0,0,7,0,0,0,76,mqtt
2026-04-10T20:33:32.011978,23,0,0,7,0,0,0,76,mqtt
2026-04-10T20:33:37.179419,23,0,0,7,0,0,0,76,mqtt
2026-04-10T20:33:42.391750,23,0,0,7,0,0,0,76,mqtt
2026-04-10T20:33:47.517721,23,0,0,7,0,0,0,76,mqtt
2026-04-10T20:33:52.699359,23,0,0,7,0,0,0,76,mqtt
2026-04-10T20:33:57.851156,23,0,0,7,0,0,0,76,mqtt
2026-04-10T20:34:03.022122,23,0,0,7,0,0,0,76,mqtt
2026-04-10T20:34:08.187478,23,0,0,7,0,0,0,76,mqtt
2026-04-10T20:34:13.357355,23,0,0,7,0,0,0,76,mqtt
2026-04-10T20:34:18.596574,23,0,0,7,0,0,0,76,mqtt
2026-04-10T20:34:23.691036,23,0,0,7,0,0,0,76,mqtt
2026-04-10T20:34:28.859461,23,0,0,7,0,0,0,76,mqtt
2026-04-10T20:34:34.030633,23,0,0,7,0,0,0,76,mqtt
2026-04-10T20:34:39.194830,23,0,0,7,0,0,0,76,mqtt
2026-04-10T20:34:44.364102,23,0,0,7,0,0,0,76,mqtt
2026-04-10T20:34:49.536149,23,0,0,7,0,0,0,76,mqtt
2026-04-10T20:34:54.698663,23,0,0,7,0,0,0,76,mqtt
2026-04-10T20:34:59.868690,23,0,0,7,0,0,0,76,mqtt
2026-04-10T20:35:05.035747,23,0,0,7,0,0,0,76,mqtt
2026-04-10T20:35:10.202733,23,0,0,7,0,0,0,76,mqtt
2026-04-10T20:35:15.369813,23,0,0,7,0,0,0,76,mqtt
2026-04-10T20:35:20.540020,23,0,0,7,0,0,0,76,mqtt
2026-04-10T20:35:25.720182,23,0,0,7,0,0,0,76,mqtt
2026-04-10T20:35:30.874990,23,0,0,7,0,0,0,76,mqtt
2026-04-10T20:35:36.051333,23,0,0,7,0,0,0,76,mqtt
2026-04-10T20:35:41.213029,23,0,0,7,0,0,0,76,mqtt
2026-04-10T20:35:46.374057,23,0,0,7,0,0,0,76,mqtt
2026-04-10T20:35:51.546459,23,0,0,7,0,0,0,76,mqtt
2026-04-10T20:35:56.709835,23,0,0,7,0,0,0,76,mqtt
2026-04-10T20:36:01.880696,23,0,0,7,0,0,0,76,mqtt
2026-04-10T20:36:07.052528,23,0,0,7,0,0,0,76,mqtt
2026-04-10T20:36:12.218156,23,0,0,7,0,0,0,76,mqtt
2026-04-10T20:36:17.384966,23,0,0,7,0,0,0,76,mqtt
2026-04-10T20:36:22.552187,23,0,0,7,0,0,0,76,mqtt
2026-04-10T20:36:27.723279,23,0,0,7,0,0,0,76,mqtt
2026-04-10T20:36:32.891012,23,0,0,7,0,0,0,76,mqtt
2026-04-10T20:36:38.058232,23,0,0,7,0,0,0,76,mqtt
2026-04-10T20:36:43.264773,23,0,0,7,0,0,0,76,mqtt
2026-04-10T20:36:48.392949,23,0,0,7,0,0,0,76,mqtt
2026-04-10T20:36:53.567861,23,0,0,7,0,0,0,76,mqtt
2026-04-10T20:36:58.736208,23,0,0,7,0,0,0,76,mqtt
2026-04-10T20:37:03.899203,23,0,0,7,0,0,0,76,mqtt
2026-04-10T20:37:09.063771,23,0,0,7,0,0,0,76,mqtt
2026-04-10T20:37:14.231195,23,0,0,7,0,0,0,76,mqtt
2026-04-10T20:37:19.405227,23,0,0,7,0,0,0,76,mqtt
2026-04-10T20:37:24.569936,23,0,0,7,0,0,0,76,mqtt
2026-04-10T20:37:29.739377,23,0,0,7,0,0,0,76,mqtt
2026-04-10T20:37:34.905220,23,0,0,7,0,0,0,76,mqtt
2026-04-10T20:37:40.071748,23,0,0,7,0,0,0,76,mqtt
2026-04-10T20:37:45.243306,23,0,0,7,0,0,0,76,mqtt
2026-04-10T20:37:50.408113,23,0,0,7,0,0,0,76,mqtt
2026-04-10T20:37:55.577002,23,0,0,7,0,0,0,76,mqtt
2026-04-10T20:38:00.947888,23,0,0,7,0,0,0,76,mqtt
2026-04-10T20:38:06.070591,23,0,0,7,0,0,0,76,mqtt
2026-04-10T20:38:11.103571,23,0,0,7,0,0,0,76,mqtt
2026-04-10T20:38:16.250124,23,0,0,7,0,0,0,76,mqtt
2026-04-10T20:38:21.413896,23,0,0,7,0,0,0,76,mqtt
2026-04-10T20:38:26.579729,23,0,0,7,0,0,0,76,mqtt
2026-04-10T20:38:31.748022,23,0,0,7,0,0,0,76,mqtt
2026-04-10T20:38:36.919040,23,0,0,7,0,0,0,76,mqtt
2026-04-10T20:38:42.086787,23,0,0,7,0,0,0,76,mqtt
2026-04-10T20:38:47.254670,23,0,0,7,0,0,0,76,mqtt
2026-04-10T20:38:52.433864,23,0,0,7,0,0,0,76,mqtt
2026-04-10T20:38:57.599063,23,0,0,7,0,0,0,76,mqtt
2026-04-10T20:39:02.766747,23,0,0,7,0,0,0,76,mqtt
2026-04-10T20:39:07.928003,23,0,0,7,0,0,0,76,mqtt
2026-04-10T20:39:13.095656,23,0,0,7,0,0,0,76,mqtt
2026-04-10T20:39:18.260877,23,0,0,7,0,0,0,76,mqtt
2026-04-10T20:39:23.437939,23,0,0,7,0,0,0,76,mqtt
2026-04-10T20:39:28.612584,23,0,0,7,0,0,0,76,mqtt
2026-04-10T20:39:33.765713,23,0,0,7,0,0,0,76,mqtt
2026-04-10T20:39:38.932408,23,0,0,7,0,0,0,76,mqtt
2026-04-10T20:39:44.098312,23,0,0,7,0,0,0,76,mqtt
2026-04-10T20:39:49.266085,23,0,0,7,0,0,0,76,mqtt
2026-04-10T20:39:54.443700,23,0,0,7,0,0,0,76,mqtt
2026-04-10T20:39:59.610513,23,0,0,7,0,0,0,76,mqtt
2026-04-10T20:40:04.784387,23,0,0,7,0,0,0,76,mqtt
2026-04-10T20:40:09.947440,23,0,0,7,0,0,0,76,mqtt
2026-04-10T20:40:15.111179,23,0,0,7,0,0,0,76,mqtt
2026-04-10T20:40:20.276411,23,0,0,7,0,0,0,76,mqtt
2026-04-10T20:40:25.445900,23,0,0,7,0,0,0,76,mqtt
2026-04-10T20:40:30.662217,23,0,0,7,0,0,0,76,mqtt
2026-04-10T20:40:35.776647,23,0,0,7,0,0,0,76,mqtt
2026-04-10T20:40:40.957019,23,0,0,7,0,0,0,76,mqtt
2026-04-10T20:40:46.123815,23,0,0,7,0,0,0,76,mqtt
2026-04-10T20:40:51.284936,23,0,0,7,0,0,0,76,mqtt
2026-04-10T20:40:56.471119,23,0,0,7,0,0,0,76,mqtt
2026-04-10T20:41:01.618643,23,0,0,7,0,0,0,76,mqtt
2026-04-10T20:41:06.789315,23,0,0,7,0,0,0,76,mqtt
2026-04-10T20:41:17.135691,23,0,0,7,0,0,0,76,mqtt
2026-04-10T20:41:22.295427,23,0,0,7,0,0,0,76,mqtt
2026-04-10T20:41:27.467090,23,0,0,7,0,0,0,76,mqtt
2026-04-10T20:41:32.644144,23,0,0,7,0,0,0,76,mqtt
2026-04-10T20:41:37.796959,23,0,0,7,0,0,0,76,mqtt
2026-04-10T20:41:42.963510,23,0,0,7,0,0,0,76,mqtt
2026-04-10T20:41:48.132675,23,0,0,7,0,0,0,76,mqtt
2026-04-10T20:41:53.301817,23,0,0,7,0,0,0,76,mqtt
2026-04-10T20:41:58.471339,23,0,0,7,0,0,0,76,mqtt
2026-04-10T20:42:03.659300,23,0,0,7,0,0,0,76,mqtt
2026-04-10T20:42:08.800132,23,0,0,7,0,0,0,76,mqtt
2026-04-10T20:42:13.982989,23,0,0,7,0,0,0,76,mqtt
2026-04-10T20:42:19.140314,23,0,0,7,0,0,0,76,mqtt
2026-04-10T20:42:24.329923,23,0,0,7,0,0,0,76,mqtt
2026-04-10T20:42:29.479503,23,0,0,7,0,0,0,76,mqtt
2026-04-10T20:42:34.643355,23,0,0,7,0,0,0,76,mqtt
2026-04-10T20:42:39.813391,23,0,0,7,0,0,0,76,mqtt
2026-04-10T20:42:44.984152,23,0,0,7,0,0,0,76,mqtt
2026-04-10T20:42:50.148781,23,0,0,7,0,0,0,76,mqtt
2026-04-10T20:42:55.319252,23,0,0,7,0,0,0,76,mqtt
2026-04-10T20:43:00.485965,23,0,0,7,0,0,0,76,mqtt
2026-04-10T20:43:05.715695,23,0,0,7,0,0,0,76,mqtt
2026-04-10T20:43:10.830275,23,0,0,7,0,0,0,76,mqtt
2026-04-10T20:43:15.991164,23,0,0,7,0,0,0,76,mqtt
2026-04-10T20:43:21.155069,23,0,0,7,0,0,0,76,mqtt
2026-04-10T20:43:26.324419,23,0,0,7,0,0,0,76,mqtt
2026-04-10T20:43:31.494704,23,0,0,7,0,0,0,76,mqtt
2026-04-10T20:43:36.680084,23,0,0,7,0,0,0,76,mqtt
2026-04-10T20:43:41.833545,23,0,0,7,0,0,0,76,mqtt
2026-04-10T20:43:46.999104,23,0,0,7,0,0,0,76,mqtt
2026-04-10T20:43:52.165779,23,0,0,7,0,0,0,76,mqtt
2026-04-10T20:43:57.333352,23,0,0,7,0,0,0,76,mqtt
2026-04-10T20:44:02.505096,23,0,0,7,0,0,0,76,mqtt
2026-04-10T20:44:07.667549,23,0,0,7,0,0,0,76,mqtt
2026-04-10T20:44:12.838502,23,0,0,7,0,0,0,76,mqtt
2026-04-10T20:44:18.011808,23,0,0,7,0,0,0,76,mqtt
2026-04-10T20:44:23.199513,23,0,0,7,0,0,0,76,mqtt
2026-04-10T20:44:28.343599,23,0,0,7,0,0,0,76,mqtt
2026-04-10T20:44:33.506260,23,0,0,7,0,0,0,76,mqtt
2026-04-10T20:44:38.691201,23,0,0,7,0,0,0,76,mqtt
2026-04-10T20:44:43.847340,23,0,0,7,0,0,0,76,mqtt
2026-04-10T20:44:49.036804,23,0,0,7,0,0,0,76,mqtt
2026-04-10T20:44:54.180074,23,0,0,7,0,0,0,76,mqtt
2026-04-10T20:44:59.348909,23,0,0,7,0,0,0,76,mqtt
2026-04-10T20:45:04.516510,23,0,0,7,0,0,0,76,mqtt
2026-04-10T20:45:09.684535,23,0,0,7,0,0,0,76,mqtt
2026-04-10T20:45:14.851968,23,0,0,7,0,0,0,76,mqtt
2026-04-10T20:45:20.022571,23,0,0,7,0,0,0,76,mqtt
2026-04-10T20:45:25.187610,23,0,0,7,0,0,0,76,mqtt
2026-04-10T20:45:30.363918,23,0,0,7,0,0,0,76,mqtt
2026-04-10T20:45:35.524429,23,0,0,7,0,0,0,76,mqtt
2026-04-10T20:45:40.704441,23,0,0,7,0,0,0,76,mqtt
2026-04-10T20:45:45.858188,23,0,0,7,0,0,0,76,mqtt
2026-04-10T20:45:51.050320,23,0,0,7,0,0,0,76,mqtt
2026-04-10T21:47:09.654295,25.6,46.1,349.31,9.0,82.91,47.28,117.91,77,demo
2026-04-10T21:47:42.322628,23.9,3.2,0,7,0,0,0,79,mqtt
2026-04-10T21:47:48.987988,23.9,3.3,0,7,0,0,0,79,mqtt
2026-04-10T21:47:52.662037,23.9,2.9,0,7,0,0,0,78,mqtt
2026-04-10T21:47:57.829686,23.9,3.1,0,7,0,0,0,79,mqtt
2026-04-10T21:48:02.999253,23.9,3.3,0,7,0,0,0,79,mqtt
2026-04-10T21:48:08.211104,23.9,3.2,0,7,0,0,0,79,mqtt
2026-04-10T21:48:13.363876,23.9,3.1,0,7,0,0,0,79,mqtt
2026-04-10T21:48:18.531325,23.9,3.3,0,7,0,0,0,79,mqtt
2026-04-10T21:48:23.672731,23.9,3.2,0,7,0,0,0,79,mqtt
2026-04-10T21:48:28.843659,23.9,3.2,0,7,0,0,0,79,mqtt
2026-04-10T21:48:34.006067,23.9,3.3,0,7,0,0,0,79,mqtt
2026-04-10T21:48:39.178554,23.9,3.5,0,7,0,0,0,79,mqtt
2026-04-10T21:48:44.347860,23.9,3.2,0,7,0,0,0,79,mqtt
2026-04-10T21:48:49.514865,23.9,3.3,0,7,0,0,0,79,mqtt
2026-04-10T21:48:54.684329,23.9,3.2,0,7,0,0,0,79,mqtt
2026-04-10T21:48:59.855668,23.9,3.3,0,7,0,0,0,79,mqtt
2026-04-10T21:49:05.018845,23.9,3.3,0,7,0,0,0,79,mqtt
2026-04-10T21:49:10.184978,23.9,3.3,0,7,0,0,0,79,mqtt
2026-04-10T21:49:15.360110,23.9,2.9,0,7,0,0,0,78,mqtt
2026-04-10T21:49:20.519554,23.9,3.3,0,7,0,0,0,79,mqtt
2026-04-10T21:49:25.681896,23.9,3.2,0,7,0,0,0,79,mqtt
2026-04-10T21:49:30.855603,23.9,3.2,0,7,0,0,0,79,mqtt
2026-04-10T21:49:36.084836,23.9,3.3,0,7,0,0,0,79,mqtt
2026-04-10T21:49:41.193587,23.9,3.3,0,7,0,0,0,79,mqtt
2026-04-10T21:49:46.353231,23.9,3.3,0,7,0,0,0,79,mqtt
2026-04-10T21:49:51.523729,23.9,3.4,0,7,0,0,0,79,mqtt
2026-04-10T21:49:56.694265,23.9,3.2,0,7,0,0,0,79,mqtt
2026-04-10T21:50:01.855441,23.9,3.2,0,7,0,0,0,79,mqtt
2026-04-10T21:50:07.042875,23.9,3.5,0,7,0,0,0,79,mqtt
2026-04-10T21:50:15.028174,23.9,3.2,0,7,0,0,0,79,mqtt
2026-04-10T21:50:17.358473,23.9,3.4,0,7,0,0,0,79,mqtt
2026-04-10T21:50:22.528276,23.9,3.2,0,7,0,0,0,79,mqtt
2026-04-10T21:50:27.691971,23.9,3.3,0,7,0,0,0,79,mqtt
2026-04-10T21:50:32.859951,23.9,3.2,0,7,0,0,0,79,mqtt
2026-04-10T21:50:38.029661,23.9,3.2,0,7,0,0,0,79,mqtt
2026-04-10T21:50:43.198307,23.9,3.2,0,7,0,0,0,79,mqtt
2026-04-10T21:50:48.374971,23.9,3.2,0,7,0,0,0,79,mqtt
2026-04-10T21:50:53.537967,23.9,3.2,0,7,0,0,0,79,mqtt
2026-04-10T21:50:58.700434,23.9,3,0,7,0,0,0,79,mqtt
2026-04-10T21:51:03.867496,23.9,3.2,0,7,0,0,0,79,mqtt
2026-04-10T21:51:09.035900,23.9,3.2,0,7,0,0,0,79,mqtt
2026-04-10T21:51:14.207809,23.9,3.2,0,7,0,0,0,79,mqtt
2026-04-10T21:51:19.372621,23.9,3,0,7,0,0,0,79,mqtt
2026-04-10T21:51:24.540686,23.9,3.4,0,7,0,0,0,79,mqtt
2026-04-10T21:51:29.707450,23.9,3.2,0,7,0,0,0,79,mqtt
2026-04-10T21:51:34.880888,23.9,3,0,7,0,0,0,79,mqtt
2026-04-10T21:51:40.044789,23.9,3.2,0,7,0,0,0,79,mqtt
2026-04-10T21:51:45.215255,23.9,3.1,0,7,0,0,0,79,mqtt
2026-04-10T21:51:50.379682,23.9,3.2,0,7,0,0,0,79,mqtt
2026-04-10T21:51:55.555187,23.9,3.2,0,7,0,0,0,79,mqtt
2026-04-10T21:52:00.722250,23.9,3.2,0,7,0,0,0,79,mqtt
2026-04-10T21:52:05.892211,23.9,3.1,0,7,0,0,0,79,mqtt
2026-04-10T21:52:11.074028,23.9,3.1,0,7,0,0,0,79,mqtt
2026-04-10T21:52:16.220967,23.9,3.2,0,7,0,0,0,79,mqtt
2026-04-10T21:52:21.388510,23.9,3.2,0,7,0,0,0,79,mqtt
2026-04-10T21:52:26.557278,23.9,3.3,0,7,0,0,0,79,mqtt
2026-04-10T21:52:36.894866,23.9,3.2,0,7,0,0,0,79,mqtt
2026-04-10T21:52:48.207347,23.9,3.3,0,7,0,0,0,79,mqtt
2026-04-10T21:52:48.346401,23.9,3,0,7,0,0,0,79,mqtt
2026-04-10T21:52:52.401406,23.9,3,0,7,0,0,0,79,mqtt
2026-04-10T21:52:57.574808,23.9,3.2,0,7,0,0,0,79,mqtt
2026-04-10T21:53:02.733765,23.9,3.2,0,7,0,0,0,79,mqtt
2026-04-10T21:53:07.901194,23.9,3.3,0,7,0,0,0,79,mqtt
2026-04-10T21:53:13.069474,23.9,3.2,0,7,0,0,0,79,mqtt
2026-04-10T21:53:18.237372,23.9,3.2,0,7,0,0,0,79,mqtt
2026-04-10T21:53:23.402637,23.9,3.3,0,7,0,0,0,79,mqtt
2026-04-10T21:53:28.577498,23.9,3.2,0,7,0,0,0,79,mqtt
2026-04-10T21:53:33.746854,23.9,3.4,0,7,0,0,0,79,mqtt
2026-04-10T21:53:38.910466,23.9,3.2,0,7,0,0,0,79,mqtt
2026-04-10T21:53:44.077448,23.9,3.2,0,7,0,0,0,79,mqtt
2026-04-10T21:53:49.244569,23.9,3.2,0,7,0,0,0,79,mqtt
2026-04-10T21:53:54.413768,23.9,3.2,0,7,0,0,0,79,mqtt
2026-04-10T21:53:59.579589,23.9,3.4,0,7,0,0,0,79,mqtt
2026-04-10T21:54:04.748290,23.9,2.6,0,7,0,0,0,78,mqtt
2026-04-10T21:54:09.917723,23.9,2.1,0,7,0,0,0,78,mqtt
2026-04-10T21:54:15.100569,23.9,2.3,0,7,0,0,0,78,mqtt
2026-04-10T21:54:20.262351,23.9,2.1,0,7,0,0,0,78,mqtt
2026-04-10T21:54:25.418714,23.9,2.2,0,7,0,0,0,78,mqtt
2026-04-10T21:54:30.583959,23.9,2,0,7,0,0,0,78,mqtt
2026-04-10T21:54:35.748491,23.9,2.4,0,7,0,0,0,78,mqtt
2026-04-10T21:54:40.921056,23.9,2.3,0,7,0,0,0,78,mqtt
2026-04-10T21:54:46.102064,23.9,2.1,0,7,0,0,0,78,mqtt
2026-04-10T21:54:51.262045,23.9,2.6,0,7,0,0,0,78,mqtt
2026-04-10T21:54:56.420998,23.9,2.3,0,7,0,0,0,78,mqtt
2026-04-10T21:55:01.587806,23.9,2.1,0,7,0,0,0,78,mqtt
2026-04-10T21:55:06.765414,23.9,2.3,0,7,0,0,0,78,mqtt
2026-04-10T21:55:11.928074,23.9,2.3,0,7,0,0,0,78,mqtt
2026-04-10T21:55:17.093010,23.9,2.3,0,7,0,0,0,78,mqtt
2026-04-10T21:55:22.269569,23.9,2.3,0,7,0,0,0,78,mqtt
2026-04-10T21:55:27.433319,23.9,2.3,0,7,0,0,0,78,mqtt
2026-04-10T21:55:32.598579,23.9,2.3,0,7,0,0,0,78,mqtt
2026-04-10T21:55:37.766741,23.9,2.3,0,7,0,0,0,78,mqtt
2026-04-10T21:55:42.944787,23.9,2.3,0,7,0,0,0,78,mqtt
2026-04-10T21:55:48.099429,23.9,2.3,0,7,0,0,0,78,mqtt
2026-04-10T21:55:53.272075,23.9,2.6,0,7,0,0,0,78,mqtt
2026-04-10T21:55:58.439861,23.9,2.6,0,7,0,0,0,78,mqtt
2026-04-10T21:56:03.614151,23.9,2.6,0,7,0,0,0,78,mqtt
2026-04-10T21:56:08.783388,23.9,2.6,0,7,0,0,0,78,mqtt
2026-04-10T21:56:13.946067,23.9,2.7,0,7,0,0,0,78,mqtt
2026-04-10T21:56:19.109005,23.9,2.6,0,7,0,0,0,78,mqtt
2026-04-10T21:56:24.278549,24,2.1,0,7,0,0,0,78,mqtt
2026-04-10T21:56:29.446267,24.2,2.2,0,7,0,0,0,78,mqtt
2026-04-10T21:56:34.621943,24.3,2.2,0,7,0,0,0,78,mqtt
2026-04-10T21:56:39.780893,24.3,2,0,7,0,0,0,78,mqtt
2026-04-10T21:56:44.952654,24.3,2.7,0,7,0,0,0,78,mqtt
2026-04-10T21:56:50.119871,24.3,2.5,0,7,0,0,0,78,mqtt
2026-04-10T21:56:55.288016,24.3,2.7,0,7,0,0,0,78,mqtt
2026-04-10T21:57:00.472231,24.3,2.9,0,7,0,0,0,78,mqtt
2026-04-10T21:57:05.624305,24.3,2.4,0,7,0,0,0,78,mqtt
2026-04-10T21:57:10.789281,24.3,2.3,0,7,0,0,0,78,mqtt
2026-04-10T21:57:15.963040,24.3,2.4,0,7,0,0,0,78,mqtt
2026-04-10T21:57:21.125533,24.3,2.4,0,7,0,0,0,78,mqtt
2026-04-10T21:57:26.312659,24.3,2.3,0,7,0,0,0,78,mqtt
2026-04-10T21:57:31.475224,24.3,2.3,0,7,0,0,0,78,mqtt
2026-04-10T21:57:36.659012,24.3,2,0,7,0,0,0,78,mqtt
2026-04-10T21:57:41.825574,24.3,2.1,0,7,0,0,0,78,mqtt
2026-04-10T21:57:46.987376,24.3,2.1,0,7,0,0,0,78,mqtt
2026-04-10T21:57:52.139105,24.3,1.9,0,7,0,0,0,78,mqtt
2026-04-10T21:57:57.317072,24.3,2,0,7,0,0,0,78,mqtt
2026-04-10T21:58:02.476625,24.3,1.8,0,7,0,0,0,78,mqtt
2026-04-10T21:58:07.640689,24.3,2.6,0,7,0,0,0,78,mqtt
2026-04-10T21:58:12.820991,24.3,2.1,0,7,0,0,0,78,mqtt
2026-04-10T21:58:17.999390,24.3,2.3,0,7,0,0,0,78,mqtt
2026-04-10T21:58:23.142220,24.3,2,0,7,0,0,0,78,mqtt
2026-04-10T21:58:28.310656,24.3,2,0,7,0,0,0,78,mqtt
2026-04-10T21:58:33.488265,24.3,2.3,0,7,0,0,0,78,mqtt
2026-04-10T21:58:38.649001,24.3,2,0,7,0,0,0,78,mqtt
2026-04-10T21:58:43.814699,24.3,2,0,7,0,0,0,78,mqtt
2026-04-10T21:58:48.982626,24.3,2.1,0,7,0,0,0,78,mqtt
2026-04-10T21:58:54.151233,24.3,2.3,0,7,0,0,0,78,mqtt
2026-04-10T21:58:59.328740,24.3,2.3,0,7,0,0,0,78,mqtt
2026-04-10T21:59:04.488776,24.3,2,0,7,0,0,0,78,mqtt
2026-04-10T21:59:09.660184,24.3,2,0,7,0,0,0,78,mqtt
2026-04-10T21:59:14.827293,24.3,2.2,0,7,0,0,0,78,mqtt
2026-04-10T21:59:19.991894,24.3,2.1,0,7,0,0,0,78,mqtt
2026-04-10T21:59:25.158900,24.3,2.1,0,7,0,0,0,78,mqtt
2026-04-10T21:59:30.327380,24.3,2.1,0,7,0,0,0,78,mqtt
2026-04-10T21:59:35.495776,24.3,2,0,7,0,0,0,78,mqtt
2026-04-10T21:59:40.665513,24.3,2.1,0,7,0,0,0,78,mqtt
2026-04-10T21:59:45.842390,24.3,2.1,0,7,0,0,0,78,mqtt
2026-04-10T21:59:51.004620,24.3,2.3,0,7,0,0,0,78,mqtt
2026-04-10T21:59:56.167808,24.3,2.2,0,7,0,0,0,78,mqtt
2026-04-10T22:00:01.335820,24.3,2.3,0,7,0,0,0,78,mqtt
2026-04-10T22:00:06.503589,24.3,2.1,0,7,0,0,0,78,mqtt
2026-04-10T22:00:11.673935,24.3,2.3,0,7,0,0,0,78,mqtt
2026-04-10T22:00:56.662557,23.6,44.9,352.57,5.85,78.96,49.78,122.32,93,demo
2026-04-10T22:00:58.186557,24.3,2.3,0,7,0,0,0,78,mqtt
2026-04-10T22:01:03.359663,24.3,2.3,0,7,0,0,0,78,mqtt
2026-04-10T22:01:08.518402,24.3,2.3,0,7,0,0,0,78,mqtt
2026-04-10T22:01:13.691618,24.3,2.1,0,7,0,0,0,78,mqtt
2026-04-10T22:01:18.858266,24.3,2,0,7,0,0,0,78,mqtt
2026-04-10T22:01:24.029524,24.3,2.3,0,7,0,0,0,78,mqtt
2026-04-10T22:01:29.190686,24.3,2.2,0,7,0,0,0,78,mqtt
2026-04-10T22:01:34.364091,24.3,3.3,0,7,0,0,0,79,mqtt
2026-04-10T22:01:39.533431,24.3,2.9,0,7,0,0,0,78,mqtt
2026-04-10T22:01:44.704171,24.3,2.9,0,7,0,0,0,78,mqtt
2026-04-10T22:01:49.867407,24.3,2.9,0,7,0,0,0,78,mqtt
2026-04-10T22:01:55.035933,24.3,2.6,0,7,0,0,0,78,mqtt
2026-04-10T22:02:00.208689,24.3,2.6,0,7,0,0,0,78,mqtt
2026-04-10T22:02:05.382929,24.4,2.2,0,7,0,0,0,78,mqtt
2026-04-10T22:02:10.543683,24.6,2.1,0,7,0,0,0,78,mqtt
2026-04-10T22:02:15.707365,24.7,2.3,0,7,0,0,0,78,mqtt
2026-04-10T22:02:20.877118,24.7,2.1,0,7,0,0,0,78,mqtt
2026-04-10T22:02:26.047305,24.7,2.3,0,7,0,0,0,78,mqtt
2026-04-10T22:02:31.225193,24.7,2.1,0,7,0,0,0,78,mqtt
2026-04-10T22:02:36.380204,24.7,2.2,0,7,0,0,0,78,mqtt
2026-04-10T22:02:41.547223,24.7,2.2,0,7,0,0,0,78,mqtt
2026-04-10T22:02:46.738182,24.7,2.3,0,7,0,0,0,78,mqtt
2026-04-10T22:02:51.884309,24.7,2.3,0,7,0,0,0,78,mqtt
2026-04-10T22:02:57.056549,24.7,2.3,0,7,0,0,0,78,mqtt
2026-04-10T22:03:02.219494,24.7,2.1,0,7,0,0,0,78,mqtt
2026-04-10T22:03:07.386007,24.7,2,0,7,0,0,0,78,mqtt
2026-04-10T22:03:12.555541,24.7,2.3,0,7,0,0,0,78,mqtt
2026-04-10T22:03:17.726400,24.7,2.2,0,7,0,0,0,78,mqtt
2026-04-10T22:03:22.887882,24.7,2.3,0,7,0,0,0,78,mqtt
2026-04-10T22:03:28.060410,24.7,2.3,0,7,0,0,0,78,mqtt
2026-04-10T22:03:33.237458,24.7,2.2,0,7,0,0,0,78,mqtt
2026-04-10T22:03:38.402965,24.7,2.3,0,7,0,0,0,78,mqtt
2026-04-10T22:03:43.564116,24.7,2,0,7,0,0,0,78,mqtt
2026-04-10T22:03:48.755012,24.7,2,0,7,0,0,0,78,mqtt
2026-04-10T22:03:53.899910,24.7,2.3,0,7,0,0,0,78,mqtt
2026-04-10T22:03:59.066653,24.7,2.3,0,7,0,0,0,78,mqtt
2026-04-10T22:04:04.236872,24.7,2.3,0,7,0,0,0,78,mqtt
2026-04-10T22:04:09.403559,24.7,2.3,0,7,0,0,0,78,mqtt
2026-04-10T22:04:14.574720,24.7,2.1,0,7,0,0,0,78,mqtt
2026-04-10T22:04:19.736522,24.7,2.2,0,7,0,0,0,78,mqtt
2026-04-10T22:04:24.904178,24.7,2.3,0,7,0,0,0,78,mqtt
2026-04-10T22:04:30.074566,24.7,2.2,0,7,0,0,0,78,mqtt
2026-04-10T22:04:35.244476,24.7,2.2,0,7,0,0,0,78,mqtt
2026-04-10T22:04:40.414014,24.7,2.3,0,7,0,0,0,78,mqtt
2026-04-10T22:04:45.576217,24.7,2.3,0,7,0,0,0,78,mqtt
2026-04-10T22:04:50.745039,24.7,2.1,0,7,0,0,0,78,mqtt
2026-04-10T22:04:55.920844,24.7,2.4,0,7,0,0,0,78,mqtt
2026-04-10T22:05:01.082852,24.7,2.3,0,7,0,0,0,78,mqtt
2026-04-10T22:05:06.257537,24.7,2.3,0,7,0,0,0,78,mqtt
2026-04-10T22:05:26.935450,24.7,2.3,0,7,0,0,0,78,mqtt
2026-04-10T22:05:32.089941,24.7,2.2,0,7,0,0,0,78,mqtt
2026-04-10T22:05:37.256977,24.7,2.6,0,7,0,0,0,78,mqtt
2026-04-10T22:05:42.430815,24.7,2.6,0,7,0,0,0,78,mqtt
2026-04-10T22:05:47.603985,24.7,2.5,0,7,0,0,0,78,mqtt
2026-04-10T22:05:52.765084,24.7,2.3,0,7,0,0,0,78,mqtt
2026-04-10T22:05:57.936015,24.7,2.3,0,7,0,0,0,78,mqtt
2026-04-10T22:06:03.100548,24.7,2.4,0,7,0,0,0,78,mqtt
2026-04-10T22:06:08.267851,24.7,2.3,0,7,0,0,0,78,mqtt
2026-04-10T22:06:13.436682,24.7,2.3,0,7,0,0,0,78,mqtt
2026-04-10T22:06:18.639196,24.7,2.2,0,7,0,0,0,78,mqtt
2026-04-10T22:06:23.775635,24.7,2.3,0,7,0,0,0,78,mqtt
2026-04-10T22:06:28.943999,24.7,2.1,0,7,0,0,0,78,mqtt
2026-04-10T22:06:34.107768,24.7,2.3,0,7,0,0,0,78,mqtt
2026-04-10T22:06:39.279264,24.7,2.3,0,7,0,0,0,78,mqtt
2026-04-10T22:06:44.447757,24.7,2.1,0,7,0,0,0,78,mqtt
2026-04-10T22:06:49.614175,24.7,2.1,0,7,0,0,0,78,mqtt
2026-04-10T22:06:54.779902,24.7,2.1,0,7,0,0,0,78,mqtt
2026-04-10T22:06:59.959218,24.7,2.3,0,7,0,0,0,78,mqtt
2026-04-10T22:07:05.129206,24.7,2.4,0,7,0,0,0,78,mqtt
2026-04-10T22:07:10.313577,24.7,2.3,0,7,0,0,0,78,mqtt
2026-04-10T22:07:15.452183,24.7,2,0,7,0,0,0,78,mqtt
2026-04-10T22:07:20.633275,24.7,2.3,0,7,0,0,0,78,mqtt
2026-04-10T22:07:25.791648,24.7,2.6,0,7,0,0,0,78,mqtt
2026-04-10T22:07:30.962275,24.7,2.3,0,7,0,0,0,78,mqtt
2026-04-10T22:07:36.127048,24.7,2.3,0,7,0,0,0,78,mqtt
2026-04-10T22:07:41.296686,24.7,2.4,0,7,0,0,0,78,mqtt
2026-04-10T22:07:46.458499,24.7,2.1,0,7,0,0,0,78,mqtt
2026-04-10T22:07:51.630984,24.7,2.1,0,7,0,0,0,78,mqtt
2026-04-10T22:07:56.810596,24.7,3.5,0,7,0,0,0,79,mqtt
2026-04-10T22:08:01.966327,24.7,2.9,0,7,0,0,0,79,mqtt
2026-04-10T22:08:07.133288,24.7,3,0,7,0,0,0,79,mqtt
2026-04-10T22:08:12.302606,24.7,3,0,7,0,0,0,79,mqtt
2026-04-10T22:08:17.478403,25,2.7,0,7,0,0,0,78,mqtt
2026-04-10T22:08:22.652155,25.1,2.7,0,7,0,0,0,78,mqtt
2026-04-10T22:08:27.811776,25.1,2.4,0,7,0,0,0,78,mqtt
2026-04-10T22:08:32.974643,25.1,2.2,0,7,0,0,0,78,mqtt
2026-04-10T22:08:38.142653,25.1,2.3,0,7,0,0,0,78,mqtt
2026-04-10T22:08:43.310563,25.1,2.3,0,7,0,0,0,78,mqtt
2026-04-10T22:08:48.477408,25.1,2.4,0,7,0,0,0,78,mqtt
2026-04-10T22:08:53.645455,25.1,2.5,0,7,0,0,0,78,mqtt
2026-04-10T22:08:58.812075,25.1,2.7,0,7,0,0,0,78,mqtt
2026-04-10T22:09:03.984256,25.1,2.7,0,7,0,0,0,78,mqtt
2026-04-10T22:09:09.150247,25.1,2.8,0,7,0,0,0,78,mqtt
2026-04-10T22:09:14.320048,25.1,2.6,0,7,0,0,0,78,mqtt
2026-04-10T22:09:19.483555,25.1,2.5,0,7,0,0,0,78,mqtt
2026-04-10T22:09:24.653081,25.1,2.4,0,7,0,0,0,78,mqtt
2026-04-10T22:09:29.826194,25.1,2.5,0,7,0,0,0,78,mqtt
2026-04-10T22:09:34.997132,25.1,2.6,0,7,0,0,0,78,mqtt
2026-04-10T22:09:40.161449,25.1,2.5,0,7,0,0,0,78,mqtt
2026-04-10T22:09:45.330441,25.1,2.9,0,7,0,0,0,79,mqtt
2026-04-10T22:09:50.494694,25.1,3.5,0,7,0,0,0,79,mqtt
2026-04-10T22:09:55.664789,25.1,3.2,0,7,0,0,0,79,mqtt
2026-04-10T22:10:00.830689,25.1,3.2,0,7,0,0,0,79,mqtt
2026-04-10T22:10:05.999653,25.1,3.3,0,7,0,0,0,79,mqtt
2026-04-10T22:10:11.167194,25.1,3.4,0,7,0,0,0,79,mqtt
2026-04-10T22:10:16.337510,25.1,3.4,0,7,0,0,0,79,mqtt
2026-04-10T22:10:21.510021,25.1,3.4,0,7,0,0,0,79,mqtt
2026-04-10T22:10:26.672029,25.1,3,0,7,0,0,0,79,mqtt
2026-04-10T22:10:31.841685,25.1,3,0,7,0,0,0,79,mqtt
2026-04-10T22:10:37.019530,25.1,2.7,0,7,0,0,0,78,mqtt
2026-04-10T22:10:42.176591,25.1,2.9,0,7,0,0,0,79,mqtt
2026-04-10T22:10:47.344039,25.1,2.9,0,7,0,0,0,79,mqtt
2026-04-10T22:10:52.512118,25.1,2.9,0,7,0,0,0,79,mqtt
2026-04-10T22:10:57.680059,25.1,2.8,0,7,0,0,0,78,mqtt
2026-04-10T22:11:02.861320,25.1,2.8,0,7,0,0,0,78,mqtt
2026-04-10T22:11:08.020371,25.1,2.9,0,7,0,0,0,79,mqtt
2026-04-10T22:11:13.191280,25.1,2.9,0,7,0,0,0,79,mqtt
2026-04-10T22:11:19.025699,25.1,2.8,0,7,0,0,0,78,mqtt
2026-04-10T22:11:23.520753,25.1,2.8,0,7,0,0,0,78,mqtt
2026-04-10T22:11:28.688538,25.1,2.7,0,7,0,0,0,78,mqtt
2026-04-10T22:11:33.867633,25.1,2.6,0,7,0,0,0,78,mqtt
2026-04-10T22:11:39.023925,25.1,2.8,0,7,0,0,0,78,mqtt
2026-04-10T22:11:44.195471,25.1,2.8,0,7,0,0,0,78,mqtt
2026-04-10T22:11:49.364354,25.1,2.9,0,7,0,0,0,79,mqtt
2026-04-10T22:11:54.532403,25.1,3,0,7,0,0,0,79,mqtt
2026-04-10T22:11:59.698769,25.1,2.9,0,7,0,0,0,79,mqtt
2026-04-10T22:12:04.864986,25.1,3.1,0,7,0,0,0,79,mqtt
2026-04-10T22:12:10.036146,25.1,2.6,0,7,0,0,0,78,mqtt
2026-04-10T22:12:15.203156,25.1,2.8,0,7,0,0,0,78,mqtt
2026-04-10T22:12:20.375964,25.1,2.7,0,7,0,0,0,78,mqtt
2026-04-10T22:12:25.537235,25.1,3,0,7,0,0,0,79,mqtt
2026-04-10T22:12:30.701558,25.1,2.9,0,7,0,0,0,79,mqtt
2026-04-10T22:12:35.872634,25.1,3,0,7,0,0,0,79,mqtt
2026-04-10T22:12:41.043147,25.1,2.9,0,7,0,0,0,79,mqtt
2026-04-10T22:12:46.219792,25.1,2.8,0,7,0,0,0,78,mqtt
2026-04-10T22:13:06.890746,25.1,2.9,0,7,0,0,0,79,mqtt
2026-04-10T22:13:12.056047,25.1,3,0,7,0,0,0,79,mqtt
2026-04-10T22:13:17.230958,25.2,2.9,0,7,0,0,0,79,mqtt
2026-04-10T22:13:22.383726,25.4,2.6,0,7,0,0,0,78,mqtt
2026-04-10T22:13:27.551587,25.5,2.1,0,7,0,0,0,78,mqtt
2026-04-10T22:13:32.719561,25.5,2.3,0,7,0,0,0,78,mqtt
2026-04-10T22:13:37.893915,25.5,2.1,0,7,0,0,0,78,mqtt
2026-04-10T22:13:43.059565,25.5,1.9,0,7,0,0,0,78,mqtt
2026-04-10T22:13:48.228534,25.5,2.4,0,7,0,0,0,78,mqtt
2026-04-10T22:13:53.396832,25.5,2.1,0,7,0,0,0,78,mqtt
2026-04-10T22:13:58.566829,25.5,2.2,0,7,0,0,0,78,mqtt
2026-04-10T22:14:03.730569,25.5,2.3,0,7,0,0,0,78,mqtt
2026-04-10T22:14:08.899217,25.5,2.3,0,7,0,0,0,78,mqtt
2026-04-10T22:14:14.068739,25.5,2.3,0,7,0,0,0,78,mqtt
2026-04-10T22:14:19.249705,25.5,2,0,7,0,0,0,78,mqtt
2026-04-10T22:14:24.403421,25.5,2.1,0,7,0,0,0,78,mqtt
2026-04-10T22:14:29.573605,25.5,2.1,0,7,0,0,0,78,mqtt
2026-04-10T22:14:34.744267,25.5,2.3,0,7,0,0,0,78,mqtt
2026-04-10T22:14:39.908520,25.5,2.3,0,7,0,0,0,78,mqtt
2026-04-10T22:14:45.076042,25.5,2.1,0,7,0,0,0,78,mqtt
2026-04-10T22:14:50.249514,25.5,2.1,0,7,0,0,0,78,mqtt
2026-04-10T22:14:55.413871,25.5,1.8,0,7,0,0,0,78,mqtt
2026-04-10T22:15:00.584095,25.5,2.1,0,7,0,0,0,78,mqtt
2026-04-10T22:15:05.748737,25.5,2.1,0,7,0,0,0,78,mqtt
2026-04-10T22:33:33.470501,25.9,3.4,0,7,0,0,0,79,mqtt
2026-04-10T22:33:39.194424,25.9,3.5,0,7,0,0,0,79,mqtt
2026-04-10T22:33:43.804365,25.9,3.2,0,7,0,0,0,79,mqtt
2026-04-10T22:33:48.968625,25.9,3.5,0,7,0,0,0,79,mqtt
2026-04-10T22:33:54.141454,25.9,3.6,0,7,0,0,0,79,mqtt
2026-04-10T22:33:59.308549,25.9,3.5,0,7,0,0,0,79,mqtt
2026-04-10T22:34:04.478249,25.9,3.3,0,7,0,0,0,79,mqtt
2026-04-10T22:34:09.645580,25.9,3.5,0,7,0,0,0,79,mqtt
2026-04-10T22:34:14.812223,25.9,3.5,0,7,0,0,0,79,mqtt
2026-04-10T22:34:19.981429,25.9,3.3,0,7,0,0,0,79,mqtt
2026-04-10T22:34:25.147176,25.9,3.5,0,7,0,0,0,79,mqtt
2026-04-10T22:34:30.322356,25.9,3.2,0,7,0,0,0,79,mqtt
2026-04-10T22:34:35.480897,25.9,3.3,0,7,0,0,0,79,mqtt
2026-04-10T22:34:40.652335,25.9,3.1,0,7,0,0,0,79,mqtt
2026-04-10T22:34:45.819613,25.9,3.5,0,7,0,0,0,79,mqtt
2026-04-10T22:34:50.987010,25.9,3.5,0,7,0,0,0,79,mqtt
2026-04-10T22:34:56.163592,25.9,3.2,0,7,0,0,0,79,mqtt
2026-04-10T22:35:01.324523,25.9,3.5,0,7,0,0,0,79,mqtt
2026-04-10T22:35:06.494136,25.9,3.5,0,7,0,0,0,79,mqtt
2026-04-10T22:35:25.490359,25.9,3.4,0,7,0,0,0,79,mqtt
2026-04-10T22:35:35.340995,25.9,3.3,0,7,0,0,0,79,mqtt
2026-04-10T22:35:35.758105,25.9,3.5,0,7,0,0,0,79,mqtt
2026-04-10T22:35:35.927321,25.9,3.3,0,7,0,0,0,79,mqtt
2026-04-10T22:35:36.093852,25.9,3.2,0,7,0,0,0,79,mqtt
2026-04-10T22:35:42.682862,25.9,3.4,0,7,0,0,0,79,mqtt
2026-04-10T22:35:47.851789,25.9,3.3,0,7,0,0,0,79,mqtt
2026-04-10T22:35:53.017306,25.9,3.4,0,7,0,0,0,79,mqtt
2026-04-10T22:35:58.187243,25.9,3.2,0,7,0,0,0,79,mqtt
2026-04-10T22:36:03.357130,25.9,3.3,0,7,0,0,0,79,mqtt
2026-04-10T22:36:08.524548,25.9,3.6,0,7,0,0,0,79,mqtt
2026-04-10T22:36:13.692646,25.9,3.3,0,7,0,0,0,79,mqtt
2026-04-10T22:36:18.862041,25.9,3.5,0,7,0,0,0,79,mqtt
2026-04-10T22:36:24.029270,25.9,3.5,0,7,0,0,0,79,mqtt
2026-04-10T22:36:29.194058,25.9,3.3,0,7,0,0,0,79,mqtt
2026-04-10T22:36:34.363917,25.9,3.4,0,7,0,0,0,79,mqtt
2026-04-10T22:36:39.530409,25.9,3.5,0,7,0,0,0,79,mqtt
2026-04-10T22:36:44.700716,25.9,3.5,0,7,0,0,0,79,mqtt
2026-04-10T22:36:49.866713,25.9,3.5,0,7,0,0,0,79,mqtt
2026-04-10T22:36:55.034843,25.9,3.2,0,7,0,0,0,79,mqtt
2026-04-10T22:37:00.205331,25.9,3.3,0,7,0,0,0,79,mqtt
2026-04-10T22:37:05.374286,25.9,3.5,0,7,0,0,0,79,mqtt
2026-04-10T22:37:10.534815,25.9,3.2,0,7,0,0,0,79,mqtt
2026-04-10T22:37:15.709584,26,3.2,0,7,0,0,0,79,mqtt
2026-04-10T22:37:20.874439,26.2,3.5,0,7,0,0,0,79,mqtt
2026-04-10T22:37:26.046134,26.3,3.4,0,7,0,0,0,79,mqtt
2026-04-10T22:37:31.209326,26.3,3.2,0,7,0,0,0,79,mqtt
2026-04-10T22:37:36.383355,26.3,3.6,0,7,0,0,0,79,mqtt
2026-04-10T22:37:41.545002,26.3,3.5,0,7,0,0,0,79,mqtt
2026-04-10T22:37:46.724483,26.3,3.5,0,7,0,0,0,79,mqtt
2026-04-10T22:37:51.882917,26.3,3.3,0,7,0,0,0,79,mqtt
2026-04-10T22:37:57.048367,26.3,3.2,0,7,0,0,0,79,mqtt
2026-04-10T22:38:02.225536,26.3,3.3,0,7,0,0,0,79,mqtt
2026-04-10T22:38:07.386126,26.3,3.5,0,7,0,0,0,79,mqtt
2026-04-10T22:38:12.551265,26.3,3.5,0,7,0,0,0,79,mqtt
2026-04-10T22:38:17.744619,26.3,3.4,0,7,0,0,0,79,mqtt
2026-04-10T22:38:22.889620,26.3,3.4,0,7,0,0,0,79,mqtt
2026-04-10T22:38:28.053385,26.3,3.3,0,7,0,0,0,79,mqtt
2026-04-10T22:38:33.221964,26.3,3.4,0,7,0,0,0,79,mqtt
2026-04-10T22:38:38.406844,26.3,3.5,0,7,0,0,0,79,mqtt
2026-04-10T22:38:43.557092,26.3,3.4,0,7,0,0,0,79,mqtt
2026-04-10T22:38:48.727445,26.3,3.5,0,7,0,0,0,79,mqtt
2026-04-10T22:38:53.904895,26.3,3.1,0,7,0,0,0,79,mqtt
2026-04-10T22:38:59.072534,26.3,3.3,0,7,0,0,0,79,mqtt
2026-04-10T22:39:04.233819,26.3,3.4,0,7,0,0,0,79,mqtt
2026-04-10T22:39:09.394365,26.3,3.5,0,7,0,0,0,79,mqtt
2026-04-10T22:39:14.560220,26.3,3.5,0,7,0,0,0,79,mqtt
2026-04-10T22:39:19.736401,26.3,3.5,0,7,0,0,0,79,mqtt
2026-04-10T22:39:24.899336,26.3,3.5,0,7,0,0,0,79,mqtt
2026-04-10T22:39:30.069187,26.3,3.8,0,7,0,0,0,79,mqtt
2026-04-10T22:39:35.236221,26.3,3.5,0,7,0,0,0,79,mqtt
2026-04-10T22:39:40.403861,26.3,3.4,0,7,0,0,0,79,mqtt
2026-04-10T22:39:45.567959,26.3,3.6,0,7,0,0,0,79,mqtt
2026-04-10T22:39:50.743829,26.3,3.5,0,7,0,0,0,79,mqtt
2026-04-10T22:39:55.905761,26.3,3.2,0,7,0,0,0,79,mqtt
2026-04-10T22:40:01.074595,26.3,3.5,0,7,0,0,0,79,mqtt
2026-04-10T22:40:06.243187,26.3,3.3,0,7,0,0,0,79,mqtt
2026-04-10T22:40:11.431329,26.3,3.4,0,7,0,0,0,79,mqtt
2026-04-10T22:40:16.581181,26.3,3.3,0,7,0,0,0,79,mqtt
2026-04-10T22:40:21.757857,26.3,3.4,0,7,0,0,0,79,mqtt
2026-04-10T22:40:26.913764,26.3,3.4,0,7,0,0,0,79,mqtt
2026-04-10T22:40:32.085507,26.3,3.3,0,7,0,0,0,79,mqtt
2026-04-10T22:40:37.245936,26.3,3.5,0,7,0,0,0,79,mqtt
2026-04-10T22:40:42.418360,26.3,3.6,0,7,0,0,0,79,mqtt
2026-04-10T22:40:47.583919,26.3,3.3,0,7,0,0,0,79,mqtt
2026-04-10T22:40:52.752602,26.3,3.5,0,7,0,0,0,79,mqtt
2026-04-10T22:40:57.916822,26.3,2.1,0,7,0,0,0,78,mqtt
2026-04-10T22:41:03.089053,26.3,2.3,0,7,0,0,0,78,mqtt
2026-04-10T22:41:08.256657,26.3,2.3,0,7,0,0,0,78,mqtt
2026-04-10T22:41:13.425594,26.3,2.1,0,7,0,0,0,78,mqtt
2026-04-10T22:41:18.590923,26.3,2.3,0,7,0,0,0,78,mqtt
2026-04-10T22:41:23.760168,26.3,2.5,0,7,0,0,0,78,mqtt
2026-04-10T22:41:28.927747,26.3,2.3,0,7,0,0,0,78,mqtt
2026-04-10T22:41:34.094763,26.3,2.4,0,7,0,0,0,78,mqtt
2026-04-10T22:41:39.264032,26.3,2.1,0,7,0,0,0,78,mqtt
2026-04-10T22:41:44.427369,26.3,2.6,0,7,0,0,0,78,mqtt
2026-04-10T22:41:49.613919,26.3,2.4,0,7,0,0,0,78,mqtt
2026-04-10T22:41:54.766380,26.3,2.3,0,7,0,0,0,78,mqtt
2026-04-10T22:41:59.935203,26.3,2.5,0,7,0,0,0,78,mqtt
2026-04-10T22:42:05.102359,26.3,2.4,0,7,0,0,0,78,mqtt
2026-04-10T22:42:10.268846,26.3,3.1,0,7,0,0,0,79,mqtt
2026-04-10T22:42:15.438108,26.3,3.2,0,7,0,0,0,79,mqtt
2026-04-10T22:42:20.608715,26.3,3.2,0,7,0,0,0,79,mqtt
2026-04-10T22:42:25.776476,26.3,2.9,0,7,0,0,0,78,mqtt
2026-04-10T22:42:30.944028,26.3,3.2,0,7,0,0,0,79,mqtt
2026-04-10T22:42:36.112335,26.3,3.1,0,7,0,0,0,79,mqtt
2026-04-10T22:42:41.280720,26.3,3.1,0,7,0,0,0,79,mqtt
2026-04-10T22:42:46.449420,26.3,3.2,0,7,0,0,0,79,mqtt
2026-04-10T22:42:51.613478,26.3,3.2,0,7,0,0,0,79,mqtt
2026-04-10T22:42:56.779323,26.3,2.9,0,7,0,0,0,78,mqtt
2026-04-10T22:43:01.950980,26.3,3,0,7,0,0,0,78,mqtt
2026-04-10T22:43:07.119416,26.3,3.2,0,7,0,0,0,79,mqtt
2026-04-10T22:43:12.285316,26.3,3.1,0,7,0,0,0,79,mqtt
2026-04-10T22:43:17.452539,26.3,3.1,0,7,0,0,0,79,mqtt
2026-04-10T22:43:22.617862,26.3,3.2,0,7,0,0,0,79,mqtt
2026-04-10T22:43:27.806505,26.3,3.2,0,7,0,0,0,79,mqtt
2026-04-10T22:43:32.967032,26.3,3.2,0,7,0,0,0,79,mqtt
2026-04-10T22:43:38.129228,26.3,3,0,7,0,0,0,78,mqtt
2026-04-10T22:43:43.291227,26.3,4.7,0,7,0,0,0,80,mqtt
2026-04-10T22:43:48.458038,26.3,4.8,0,7,0,0,0,80,mqtt
2026-04-10T22:43:53.631223,26.3,4.7,0,7,0,0,0,80,mqtt
2026-04-10T22:43:58.798093,26.3,4.7,0,7,0,0,0,80,mqtt
2026-04-10T22:44:03.964832,26.3,4.6,0,7,0,0,0,80,mqtt
2026-04-10T22:44:09.130477,26.3,4.5,0,7,0,0,0,80,mqtt
2026-04-10T22:44:14.298045,26.3,4.8,0,7,0,0,0,80,mqtt
2026-04-10T22:44:19.466392,26.3,4.8,0,7,0,0,0,80,mqtt
2026-04-10T22:44:24.631963,26.3,4.8,0,7,0,0,0,80,mqtt
2026-04-10T22:44:29.806779,26.3,4.8,0,7,0,0,0,80,mqtt
2026-04-10T22:44:34.973387,26.3,4.8,0,7,0,0,0,80,mqtt
2026-04-10T22:44:40.137972,26.3,4.8,0,7,0,0,0,80,mqtt
2026-04-10T22:44:45.308496,26.3,4.8,0,7,0,0,0,80,mqtt
2026-04-10T22:44:50.473671,26.3,4.7,0,7,0,0,0,80,mqtt
2026-04-10T22:44:55.642529,26.3,4.7,0,7,0,0,0,80,mqtt
2026-04-10T22:45:00.809234,26.3,4.7,0,7,0,0,0,80,mqtt
2026-04-10T22:45:05.983545,26.3,4.7,0,7,0,0,0,80,mqtt
2026-04-10T22:45:11.145415,26.3,4.7,0,7,0,0,0,80,mqtt
2026-04-10T22:45:16.313240,26.3,4.7,0,7,0,0,0,80,mqtt
2026-04-10T22:45:21.493839,26.3,4.8,0,7,0,0,0,80,mqtt
2026-04-10T22:45:26.650540,26.3,4.8,0,7,0,0,0,80,mqtt
2026-04-10T22:45:31.812513,26.3,4.7,0,7,0,0,0,80,mqtt
2026-04-10T22:45:36.993596,26.3,4.7,0,7,0,0,0,80,mqtt
2026-04-10T22:45:42.150486,26.3,4.8,0,7,0,0,0,80,mqtt
2026-04-10T22:45:47.325557,26.3,4.8,0,7,0,0,0,80,mqtt
2026-04-10T22:45:52.490108,26.3,4.6,0,7,0,0,0,80,mqtt
2026-04-10T22:45:57.655561,26.3,5,0,7,0,0,0,80,mqtt
2026-04-10T22:46:02.820885,26.3,4.9,0,7,0,0,0,80,mqtt
2026-04-10T22:46:08.004105,26.3,4.7,0,7,0,0,0,80,mqtt
2026-04-10T22:46:13.166264,26.3,4.5,0,7,0,0,0,80,mqtt
2026-04-10T22:46:18.327700,26.3,4.8,0,7,0,0,0,80,mqtt
2026-04-10T22:46:23.492098,26.3,4.8,0,7,0,0,0,80,mqtt
2026-04-10T22:49:29.541356,26.3,4.7,0,7,0,0,0,80,mqtt
2026-04-10T22:49:35.660491,26.3,5,0,7,0,0,0,80,mqtt
2026-04-10T22:49:39.872655,26.3,4.8,0,7,0,0,0,80,mqtt
2026-04-10T22:49:45.043607,26.3,4.8,0,7,0,0,0,80,mqtt
2026-04-10T22:49:50.211555,26.3,4.8,0,7,0,0,0,80,mqtt
2026-04-10T22:49:55.381229,26.3,4.7,0,7,0,0,0,80,mqtt
2026-04-10T22:50:00.551170,26.3,4.7,0,7,0,0,0,80,mqtt
2026-04-10T22:50:05.715745,26.3,4.8,0,7,0,0,0,80,mqtt
2026-04-10T22:50:10.882771,26.3,4.7,0,7,0,0,0,80,mqtt
2026-04-10T22:50:16.054448,26.3,4.8,0,7,0,0,0,80,mqtt
2026-04-10T22:50:21.223169,26.3,4.8,0,7,0,0,0,80,mqtt
2026-04-10T22:50:26.386939,26.3,4.7,0,7,0,0,0,80,mqtt
2026-04-10T22:50:31.555997,26.3,4.8,0,7,0,0,0,80,mqtt
2026-04-10T22:50:36.723560,26.3,4.8,0,7,0,0,0,80,mqtt
2026-04-10T22:50:41.895594,26.3,4.8,0,7,0,0,0,80,mqtt
2026-04-10T22:50:47.059887,26.3,4.7,0,7,0,0,0,80,mqtt
2026-04-10T22:50:52.225213,26.3,4.7,0,7,0,0,0,80,mqtt
2026-04-10T22:50:57.394406,26.3,4.7,0,7,0,0,0,80,mqtt
2026-04-10T22:51:02.562267,26.3,4.7,0,7,0,0,0,80,mqtt
2026-04-10T22:51:07.730964,26.3,4.7,0,7,0,0,0,80,mqtt
2026-04-10T22:51:12.913145,26.3,4.8,0,7,0,0,0,80,mqtt
2026-04-10T22:51:18.067327,26.3,4.6,0,7,0,0,0,80,mqtt
2026-04-10T22:51:23.235836,26.3,4.9,0,7,0,0,0,80,mqtt
2026-04-10T22:51:28.408302,26.3,4.7,0,7,0,0,0,80,mqtt
2026-04-10T22:51:33.569262,26.3,4.9,0,7,0,0,0,80,mqtt
2026-04-10T22:51:38.737909,26.3,4.7,0,7,0,0,0,80,mqtt
2026-04-10T22:51:43.905083,26.3,4.7,0,7,0,0,0,80,mqtt
2026-04-10T22:51:49.073112,26.3,4.7,0,7,0,0,0,80,mqtt
2026-04-10T22:51:54.243467,26.3,4.8,0,7,0,0,0,80,mqtt
2026-04-10T22:51:59.408888,26.3,4.7,0,7,0,0,0,80,mqtt
2026-04-10T22:52:04.577145,26.3,4.6,0,7,0,0,0,80,mqtt
2026-04-10T22:52:09.745196,26.3,4.7,0,7,0,0,0,80,mqtt
2026-04-10T22:52:14.909041,26.3,4.7,0,7,0,0,0,80,mqtt
2026-04-10T22:52:20.081292,26.3,4.7,0,7,0,0,0,80,mqtt
2026-04-10T22:52:25.253745,26.3,4.7,0,7,0,0,0,80,mqtt
2026-04-10T22:52:30.420844,26.3,5,0,7,0,0,0,80,mqtt
2026-04-10T22:52:35.585568,26.3,4.7,0,7,0,0,0,80,mqtt
2026-04-10T22:52:40.765922,26.3,4.7,0,7,0,0,0,80,mqtt
2026-04-10T22:52:45.922296,26.3,4.8,0,7,0,0,0,80,mqtt
2026-04-10T22:52:51.089780,26.3,4.7,0,7,0,0,0,80,mqtt
2026-04-10T22:52:56.255343,26.3,4.7,0,7,0,0,0,80,mqtt
2026-04-10T22:53:01.423918,26.3,4.7,0,7,0,0,0,80,mqtt
2026-04-10T22:53:06.590901,26.3,4.8,0,7,0,0,0,80,mqtt
2026-04-10T22:53:11.765050,26.3,4.7,0,7,0,0,0,80,mqtt
2026-04-10T22:53:16.927962,26.3,4.8,0,7,0,0,0,80,mqtt
2026-04-10T22:53:22.094011,26.3,4.7,0,7,0,0,0,80,mqtt
2026-04-10T22:53:27.265679,26.3,4.7,0,7,0,0,0,80,mqtt
2026-04-10T22:53:32.429336,26.3,4.7,0,7,0,0,0,80,mqtt
2026-04-10T22:53:37.605146,26.3,4.8,0,7,0,0,0,80,mqtt
2026-04-10T22:53:42.810601,26.3,4.7,0,7,0,0,0,80,mqtt
2026-04-10T22:53:47.942402,26.3,4.9,0,7,0,0,0,80,mqtt
2026-04-10T22:53:53.104428,26.3,4.7,0,7,0,0,0,80,mqtt
2026-04-10T22:53:58.273188,26.3,4.8,0,7,0,0,0,80,mqtt
2026-04-10T22:54:03.440396,26.3,4.7,0,7,0,0,0,80,mqtt
2026-04-10T22:54:08.614734,26.3,4.8,0,7,0,0,0,80,mqtt
2026-04-10T22:54:13.776035,26.3,5,0,7,0,0,0,80,mqtt
2026-04-10T22:54:18.944138,26.3,4.9,0,7,0,0,0,80,mqtt
2026-04-10T22:54:24.112066,26.3,4.7,0,7,0,0,0,80,mqtt
2026-04-10T22:54:29.286818,26.3,4.7,0,7,0,0,0,80,mqtt
2026-04-10T22:54:34.450333,26.3,4.5,0,7,0,0,0,80,mqtt
2026-04-10T22:54:39.627368,26.3,4.7,0,7,0,0,0,80,mqtt
2026-04-10T22:54:44.805919,26.3,4.7,0,7,0,0,0,80,mqtt
2026-04-10T22:54:49.961768,26.3,4.7,0,7,0,0,0,80,mqtt
2026-04-10T22:54:55.177311,26.3,4.8,0,7,0,0,0,80,mqtt
2026-04-10T22:55:00.322980,26.3,4.4,0,7,0,0,0,79,mqtt
2026-04-10T22:55:05.455670,26.3,4.3,0,7,0,0,0,79,mqtt
2026-04-10T22:55:10.624737,26.3,4.4,0,7,0,0,0,79,mqtt
2026-04-10T22:55:15.790612,26.3,4.5,0,7,0,0,0,80,mqtt
2026-04-10T22:55:20.955771,26.3,4.4,0,7,0,0,0,79,mqtt
2026-04-10T22:55:26.129923,26.3,4.7,0,7,0,0,0,80,mqtt
2026-04-10T22:55:31.298344,26.3,4.2,0,7,0,0,0,79,mqtt
2026-04-10T22:55:36.536783,26.3,4.5,0,7,0,0,0,80,mqtt
2026-04-10T22:55:41.632151,26.3,4.3,0,7,0,0,0,79,mqtt
2026-04-10T22:55:46.798707,26.3,4.7,0,7,0,0,0,80,mqtt
2026-04-10T22:55:51.967479,26.3,4.4,0,7,0,0,0,79,mqtt
2026-04-10T22:55:57.148832,26.3,4.4,0,7,0,0,0,79,mqtt
2026-04-10T22:56:02.308340,26.3,4.4,0,7,0,0,0,79,mqtt
2026-04-10T22:56:07.471266,26.3,4.5,0,7,0,0,0,80,mqtt
2026-04-10T22:56:12.685152,26.3,4.5,0,7,0,0,0,80,mqtt
2026-04-10T22:56:17.812651,26.3,4.3,0,7,0,0,0,79,mqtt
2026-04-10T22:56:22.984881,26.3,4.6,0,7,0,0,0,80,mqtt
2026-04-10T22:56:28.142348,26.3,4.5,0,7,0,0,0,80,mqtt
2026-04-10T22:56:33.311305,26.3,4.4,0,7,0,0,0,79,mqtt
2026-04-10T22:56:38.478035,26.3,4.3,0,7,0,0,0,79,mqtt
2026-04-10T22:56:43.651651,26.3,4.4,0,7,0,0,0,79,mqtt
2026-04-10T22:56:48.814690,26.3,4.6,0,7,0,0,0,80,mqtt
2026-04-10T22:56:54.033644,26.3,4.4,0,7,0,0,0,79,mqtt
2026-04-10T22:56:59.152321,26.3,4.4,0,7,0,0,0,79,mqtt
2026-04-10T22:57:04.319526,26.3,4.5,0,7,0,0,0,80,mqtt
2026-04-10T22:57:09.481791,26.3,4.4,0,7,0,0,0,79,mqtt
2026-04-10T22:57:14.654496,26.3,4.4,0,7,0,0,0,79,mqtt
2026-04-10T22:57:19.828158,26.3,4.4,0,7,0,0,0,79,mqtt
2026-04-10T22:57:24.991596,26.3,4.4,0,7,0,0,0,79,mqtt
2026-04-10T22:57:30.172512,26.3,4.4,0,7,0,0,0,79,mqtt
2026-04-10T22:57:35.328204,26.3,4.3,0,7,0,0,0,79,mqtt
2026-04-10T22:57:40.490405,26.3,4.1,0,7,0,0,0,79,mqtt
2026-04-10T22:57:45.664640,26.3,4.5,0,7,0,0,0,80,mqtt
2026-04-10T23:04:38.071792,24.9,42.8,349.91,9.0,82.71,52.1,117.17,78,demo
2026-04-10T23:04:39.098573,26.7,4.1,0,7,0,0,0,79,mqtt
2026-04-10T23:04:45.808842,26.7,4.1,0,7,0,0,0,79,mqtt
2026-04-10T23:04:49.438140,26.7,4.1,0,7,0,0,0,79,mqtt
2026-04-10T23:04:54.601932,26.7,3.9,0,7,0,0,0,79,mqtt
2026-04-10T23:04:59.774894,26.7,4,0,7,0,0,0,79,mqtt
2026-04-10T23:05:04.956115,26.7,4.1,0,7,0,0,0,79,mqtt
2026-04-10T23:05:10.112014,26.7,4,0,7,0,0,0,79,mqtt
2026-04-10T23:05:15.276065,26.7,4,0,7,0,0,0,79,mqtt
2026-04-10T23:05:20.443316,26.7,4.1,0,7,0,0,0,79,mqtt
2026-04-10T23:05:25.616960,26.7,4,0,7,0,0,0,79,mqtt
2026-04-10T23:05:30.796579,26.7,4.2,0,7,0,0,0,79,mqtt
2026-04-10T23:05:35.946794,26.7,4.1,0,7,0,0,0,79,mqtt
2026-04-10T23:05:41.115474,26.7,3.9,0,7,0,0,0,79,mqtt
2026-04-11T01:30:28.608455,21.9,47.2,350.04,7.92,82.56,48.49,119.23,91,demo
2026-04-11T01:47:16.725181,24.4,46.8,349.48,5.92,79.97,47.22,118.92,93,demo
2026-04-11T09:17:45.617724,23.3,44.6,351.54,4.5,79.82,52.01,118.35,78,demo
2026-04-11T09:30:03.535476,23.5,47.1,349.58,9.0,78.4,52.86,117.99,78,demo
2026-04-11T09:30:22.378662,24.2,0,0,7,0,0,0,76,mqtt
2026-04-11T09:30:27.546427,24.2,0,0,7,0,0,0,76,mqtt
2026-04-11T09:30:32.713850,24.2,0,0,7,0,0,0,76,mqtt
2026-04-11T09:30:37.881174,24.2,0,0,7,0,0,0,76,mqtt
2026-04-11T09:30:43.048550,24.2,0,0,7,0,0,0,76,mqtt
2026-04-11T09:30:48.217414,24.2,0,0,7,0,0,0,76,mqtt
2026-04-11T09:30:53.382776,24.2,0,0,7,0,0,0,76,mqtt
2026-04-11T09:30:58.552637,24.2,0,0,7,0,0,0,76,mqtt
2026-04-11T09:31:03.724431,24.2,0,0,7,0,0,0,76,mqtt
2026-04-11T09:31:08.886106,24.2,0,0,7,0,0,0,76,mqtt
2026-04-11T09:31:14.056943,24.2,0,0,7,0,0,0,76,mqtt
2026-04-11T09:31:19.236614,24.2,0,0,7,0,0,0,76,mqtt
2026-04-11T09:31:24.400261,24.2,0,0,7,0,0,0,76,mqtt
2026-04-11T09:31:29.555911,24.2,0,0,7,0,0,0,76,mqtt
2026-04-11T09:31:34.726173,24.2,0,0,7,0,0,0,76,mqtt
2026-04-11T09:31:39.894798,24.2,0,0,7,0,0,0,76,mqtt
2026-04-11T09:31:45.062323,24.2,0,0,7,0,0,0,76,mqtt
2026-04-11T09:31:50.229146,24.2,0,0,7,0,0,0,76,mqtt
2026-04-11T09:31:55.400774,24.2,0,0,7,0,0,0,76,mqtt
2026-04-11T09:32:00.566883,24.2,0,0,7,0,0,0,76,mqtt
2026-04-11T09:32:05.733995,24.2,0,0,7,0,0,0,76,mqtt
2026-04-11T09:32:10.901500,24.2,0,0,7,0,0,0,76,mqtt
2026-04-11T09:32:16.070446,24.2,0,0,7,0,0,0,76,mqtt
2026-04-11T09:32:21.240226,24.2,0,0,7,0,0,0,76,mqtt
2026-04-11T09:32:26.404939,24.2,0,0,7,0,0,0,76,mqtt
2026-04-11T09:32:31.570094,24.2,0,0,7,0,0,0,76,mqtt
2026-04-11T09:32:36.737518,24.2,0,0,7,0,0,0,76,mqtt
2026-04-11T09:32:41.909074,24.2,0,0,7,0,0,0,76,mqtt
2026-04-11T09:32:47.074643,24.2,0,0,7,0,0,0,76,mqtt
2026-04-11T09:32:52.280311,24.2,0,0,7,0,0,0,76,mqtt
2026-04-11T09:32:57.411556,24.2,0,0,7,0,0,0,76,mqtt
2026-04-11T09:33:02.580333,24.2,0,0,7,0,0,0,76,mqtt
2026-04-11T09:33:07.747300,24.2,0,0,7,0,0,0,76,mqtt
2026-04-11T09:33:12.916059,24.2,0,0,7,0,0,0,76,mqtt
2026-04-11T09:33:18.084356,24.2,0,0,7,0,0,0,76,mqtt
2026-04-11T09:33:23.252220,24.2,0,0,7,0,0,0,76,mqtt
2026-04-11T09:33:28.417236,24.2,0,0,7,0,0,0,76,mqtt
2026-04-11T09:33:33.588947,24.2,0,0,7,0,0,0,76,mqtt
2026-04-11T09:33:38.756614,24.2,0,0,7,0,0,0,76,mqtt
2026-04-11T09:33:43.923061,24.2,0,0,7,0,0,0,76,mqtt
2026-04-11T09:33:49.096028,24.2,0,0,7,0,0,0,76,mqtt
2026-04-11T09:33:54.260192,24.2,0,0,7,0,0,0,76,mqtt
2026-04-11T09:33:59.428144,24.2,0,0,7,0,0,0,76,mqtt
2026-04-11T09:34:04.593330,24.2,0,0,7,0,0,0,76,mqtt
2026-04-11T09:34:09.761637,24.2,0,0,7,0,0,0,76,mqtt
2026-04-11T09:34:14.930172,24.2,0,0,7,0,0,0,76,mqtt
2026-04-11T09:34:20.109000,24.2,0,0,7,0,0,0,76,mqtt
2026-04-11T09:34:25.265278,24.2,0,0,7,0,0,0,76,mqtt
2026-04-11T09:34:30.433136,24.2,0,0,7,0,0,0,76,mqtt
2026-04-11T09:34:35.793156,24.2,0,0,7,0,0,0,76,mqtt
2026-04-11T09:34:41.108971,24.2,0,0,7,0,0,0,76,mqtt
2026-04-11T09:34:45.940360,24.2,0,0,7,0,0,0,76,mqtt
2026-04-11T09:34:51.103569,24.2,0,0,7,0,0,0,76,mqtt
2026-04-11T09:34:56.268850,24.2,0,0,7,0,0,0,76,mqtt
2026-04-11T09:35:01.439700,24.2,0,0,7,0,0,0,76,mqtt
2026-04-11T09:35:06.605262,24.2,0,0,7,0,0,0,76,mqtt
2026-04-11T09:35:11.774677,24.2,0,0,7,0,0,0,76,mqtt
2026-04-11T09:35:16.945966,24.2,0,0,7,0,0,0,76,mqtt
2026-04-11T09:35:22.114529,24.2,0,0,7,0,0,0,76,mqtt
2026-04-11T09:35:27.279613,24.2,0,0,7,0,0,0,76,mqtt
2026-04-11T09:35:32.449475,24.2,0,0,7,0,0,0,76,mqtt
2026-04-11T09:35:37.616580,24.2,0,0,7,0,0,0,76,mqtt
2026-04-11T09:35:42.783053,24.2,0,0,7,0,0,0,76,mqtt
2026-04-11T09:35:47.973009,24.2,0,0,7,0,0,0,76,mqtt
2026-04-11T09:35:53.122480,24.2,0,0,7,0,0,0,76,mqtt
2026-04-11T09:35:58.286508,24.2,0,0,7,0,0,0,76,mqtt
2026-04-11T09:36:03.455410,24.2,0,0,7,0,0,0,76,mqtt
2026-04-11T09:36:08.622952,24.2,0,0,7,0,0,0,76,mqtt
2026-04-11T09:36:13.789617,24.2,0,0,7,0,0,0,76,mqtt
2026-04-11T09:36:18.956652,24.2,0,0,7,0,0,0,76,mqtt
2026-04-11T09:36:24.128233,24.2,0,0,7,0,0,0,76,mqtt
2026-04-11T09:36:29.291561,24.2,0,0,7,0,0,0,76,mqtt
2026-04-11T09:36:34.464067,24.2,0,0,7,0,0,0,76,mqtt
2026-04-11T09:36:39.628926,24.2,0,0,7,0,0,0,76,mqtt
2026-04-11T09:36:44.798379,24.2,0,0,7,0,0,0,76,mqtt
2026-04-11T09:36:49.967121,24.2,0,0,7,0,0,0,76,mqtt
2026-04-11T09:36:55.134536,24.2,0,0,7,0,0,0,76,mqtt
2026-04-11T09:37:00.299837,24.2,0,0,7,0,0,0,76,mqtt
2026-04-11T09:37:05.468110,24.2,0,0,7,0,0,0,76,mqtt
2026-04-11T09:37:10.635877,24.2,0,0,7,0,0,0,76,mqtt
2026-04-11T09:37:15.944532,24.2,0,0,7,0,0,0,76,mqtt
2026-04-11T09:37:21.073762,24.2,0,0,7,0,0,0,76,mqtt
2026-04-11T09:37:26.140330,24.2,0,0,7,0,0,0,76,mqtt
2026-04-11T09:37:31.306088,24.2,0,0,7,0,0,0,76,mqtt
2026-04-11T09:37:36.475047,24.2,0,0,7,0,0,0,76,mqtt
2026-04-11T09:37:41.643989,24.2,0,0,7,0,0,0,76,mqtt
2026-04-11T09:37:46.811132,24.2,0,0,7,0,0,0,76,mqtt
2026-04-11T09:37:51.978477,24.2,0,0,7,0,0,0,76,mqtt
2026-04-11T09:37:57.146783,24.2,0,0,7,0,0,0,76,mqtt
2026-04-11T09:38:02.313933,24.2,0,0,7,0,0,0,76,mqtt
2026-04-11T09:38:07.482524,24.2,0,0,7,0,0,0,76,mqtt
2026-04-11T09:38:12.650520,24.2,0,0,7,0,0,0,76,mqtt
2026-04-11T09:38:17.817859,24.2,0,0,7,0,0,0,76,mqtt
2026-04-11T09:38:22.985891,24.2,0,0,7,0,0,0,76,mqtt
2026-04-11T09:38:28.153277,24.2,0,0,7,0,0,0,76,mqtt
2026-04-11T09:38:33.322031,24.2,0,0,7,0,0,0,76,mqtt
2026-04-11T09:38:38.489150,24.2,0,0,7,0,0,0,76,mqtt
2026-04-11T09:38:43.656857,24.2,0,0,7,0,0,0,76,mqtt
2026-04-11T09:38:48.826467,24.2,0,0,7,0,0,0,76,mqtt
2026-04-11T09:38:53.993184,24.2,0,0,7,0,0,0,76,mqtt
2026-04-11T09:38:59.161619,24.2,0,0,7,0,0,0,76,mqtt
2026-04-11T09:39:04.327347,24.2,0,0,7,0,0,0,76,mqtt
2026-04-11T09:39:09.497344,24.2,0,0,7,0,0,0,76,mqtt
2026-04-11T09:39:14.683449,24.2,0,0,7,0,0,0,76,mqtt
2026-04-11T09:39:19.838631,24.2,0,0,7,0,0,0,76,mqtt
2026-04-11T09:39:25.000732,24.2,0,0,7,0,0,0,76,mqtt
2026-04-11T09:39:30.179320,24.2,0,0,7,0,0,0,76,mqtt
2026-04-11T09:39:35.362404,24.2,0,0,7,0,0,0,76,mqtt
2026-04-11T09:39:40.504355,24.2,0,0,7,0,0,0,76,mqtt
2026-04-11T09:39:46.068697,24.2,0,0,7,0,0,0,76,mqtt
2026-04-11T09:39:50.976065,24.2,0,0,7,0,0,0,76,mqtt
2026-04-11T09:39:56.009374,24.2,0,0,7,0,0,0,76,mqtt
2026-04-11T09:40:01.175334,24.2,0,0,7,0,0,0,76,mqtt
2026-04-11T09:40:06.341786,24.2,0,0,7,0,0,0,76,mqtt
2026-04-11T09:40:11.513796,24.2,0,0,7,0,0,0,76,mqtt
2026-04-11T09:40:16.674605,24.2,0,0,7,0,0,0,76,mqtt
2026-04-11T09:40:56.508201,22.5,42.6,352.49,8.63,80.2,49.7,117.01,85,demo
2026-04-11T09:40:58.020543,24.2,0,0,7,0,0,0,76,mqtt
2026-04-11T09:41:03.918915,24.2,0,0,7,0,0,0,76,mqtt
2026-04-11T09:41:08.389450,24.2,0,0,7,0,0,0,76,mqtt
2026-04-11T09:41:13.525183,24.2,0,0,7,0,0,0,76,mqtt
2026-04-11T09:41:18.690879,24.2,0,0,7,0,0,0,76,mqtt
2026-04-11T09:41:23.859831,24.2,0,0,7,0,0,0,76,mqtt
2026-04-11T09:41:29.032865,24.2,0,0,7,0,0,0,76,mqtt
2026-04-11T09:41:34.195906,24.2,0,0,7,0,0,0,76,mqtt
2026-04-11T09:41:39.363699,24.2,0,0,7,0,0,0,76,mqtt
2026-04-11T09:41:44.530377,24.2,0,0,7,0,0,0,76,mqtt
2026-04-11T09:41:49.701957,24.2,0,0,7,0,0,0,76,mqtt
2026-04-11T09:41:54.867342,24.2,0,0,7,0,0,0,76,mqtt
2026-04-11T09:42:00.036598,24.2,0,0,7,0,0,0,76,mqtt
2026-04-11T09:42:05.200787,24.2,0,0,7,0,0,0,76,mqtt
2026-04-11T09:42:10.372918,24.2,0,0,7,0,0,0,76,mqtt
2026-04-11T09:42:15.535010,24.2,0,0,7,0,0,0,76,mqtt
2026-04-11T09:42:20.715312,24.2,0,0,7,0,0,0,76,mqtt
2026-04-11T09:42:25.874984,24.2,0,0,7,0,0,0,76,mqtt
2026-04-11T09:42:31.041841,24.2,0,0,7,0,0,0,76,mqtt
2026-04-11T09:42:36.209416,24.2,0,0,7,0,0,0,76,mqtt
2026-04-11T09:42:41.377115,24.2,0,0,7,0,0,0,76,mqtt
2026-04-11T09:42:46.546144,24.2,0,0,7,0,0,0,76,mqtt
2026-04-11T09:42:51.712762,24.2,0,0,7,0,0,0,76,mqtt
2026-04-11T09:42:56.892166,24.2,0,0,7,0,0,0,76,mqtt
2026-04-11T09:43:02.049452,24.2,0,0,7,0,0,0,76,mqtt
2026-04-11T09:43:07.230188,24.2,0,0,7,0,0,0,76,mqtt
2026-04-11T09:43:12.394852,24.2,0,0,7,0,0,0,76,mqtt
2026-04-11T09:43:17.552228,24.2,0,0,7,0,0,0,76,mqtt
2026-04-11T09:43:22.721433,24.2,0,0,7,0,0,0,76,mqtt
2026-04-11T09:43:27.886736,24.2,0,0,7,0,0,0,76,mqtt
2026-04-11T09:43:33.057672,24.2,0,0,7,0,0,0,76,mqtt
2026-04-11T09:43:38.225356,24.2,0,0,7,0,0,0,76,mqtt
2026-04-11T09:43:43.387924,24.2,0,0,7,0,0,0,76,mqtt
2026-04-11T09:43:48.559878,24.2,0,0,7,0,0,0,76,mqtt
2026-04-11T09:43:53.723383,24.2,0,0,7,0,0,0,76,mqtt
2026-04-11T09:43:58.893110,24.2,0,0,7,0,0,0,76,mqtt
2026-04-11T09:44:04.064101,24.2,0,0,7,0,0,0,76,mqtt
2026-04-11T09:44:09.230492,24.2,0,0,7,0,0,0,76,mqtt
2026-04-11T09:44:14.398350,24.2,0,0,7,0,0,0,76,mqtt
2026-04-11T09:44:19.568351,24.2,0,0,7,0,0,0,76,mqtt
2026-04-11T09:44:24.735430,24.2,0,0,7,0,0,0,76,mqtt
2026-04-11T09:44:29.913663,24.2,0,0,7,0,0,0,76,mqtt
2026-04-11T09:44:35.068907,24.2,0,0,7,0,0,0,76,mqtt
2026-04-11T09:44:40.237199,24.2,0,0,7,0,0,0,76,mqtt
2026-04-11T09:44:45.405921,24.2,0,0,7,0,0,0,76,mqtt
2026-04-11T09:44:51.013576,24.2,0,0,7,0,0,0,76,mqtt
2026-04-11T09:44:56.123544,24.2,0,0,7,0,0,0,76,mqtt
2026-04-11T09:45:01.039905,24.2,0,0,7,0,0,0,76,mqtt
2026-04-11T09:45:06.156610,24.2,0,0,7,0,0,0,76,mqtt
2026-04-11T09:45:11.248419,24.2,0,0,7,0,0,0,76,mqtt
2026-04-11T09:45:16.410825,24.2,0,0,7,0,0,0,76,mqtt
2026-04-11T09:45:21.581219,24.2,0,0,7,0,0,0,76,mqtt
2026-04-11T09:45:26.758384,24.2,0,0,7,0,0,0,76,mqtt
2026-04-11T09:45:31.916096,24.2,0,0,7,0,0,0,76,mqtt
2026-04-11T09:45:37.086230,24.2,0,0,7,0,0,0,76,mqtt
2026-04-11T09:45:42.254463,24.2,0,0,7,0,0,0,76,mqtt
2026-04-11T09:45:47.416733,24.2,0,0,7,0,0,0,76,mqtt
2026-04-11T09:45:52.586664,24.2,0,0,7,0,0,0,76,mqtt
2026-04-11T09:45:57.754498,24.2,0,0,7,0,0,0,76,mqtt
2026-04-11T09:46:02.923116,24.2,0,0,7,0,0,0,76,mqtt
2026-04-11T09:46:08.089221,24.2,0,0,7,0,0,0,76,mqtt
2026-04-11T09:46:13.255951,24.2,0,0,7,0,0,0,76,mqtt
2026-04-11T09:46:18.431740,24.2,0,0,7,0,0,0,76,mqtt
2026-04-11T09:46:23.591090,24.2,0,0,7,0,0,0,76,mqtt
2026-04-11T09:46:28.759170,24.2,0,0,7,0,0,0,76,mqtt
2026-04-11T09:46:33.927341,24.2,0,0,7,0,0,0,76,mqtt
2026-04-11T09:46:39.095659,24.2,0,0,7,0,0,0,76,mqtt
2026-04-11T09:46:44.262440,24.2,0,0,7,0,0,0,76,mqtt
2026-04-11T09:46:49.430668,24.2,0,0,7,0,0,0,76,mqtt
2026-04-11T09:46:54.596281,24.2,0,0,7,0,0,0,76,mqtt
2026-04-11T09:46:59.770143,24.2,0,0,7,0,0,0,76,mqtt
2026-04-11T09:47:04.935888,24.2,0,0,7,0,0,0,76,mqtt
2026-04-11T09:47:10.101900,24.2,0,0,7,0,0,0,76,mqtt
2026-04-11T09:47:15.270544,24.2,0,0,7,0,0,0,76,mqtt
2026-04-11T09:47:20.438512,24.2,0,0,7,0,0,0,76,mqtt
2026-04-11T09:47:25.832494,24.2,0,0,7,0,0,0,76,mqtt
2026-04-11T09:47:30.784172,24.2,0,0,7,0,0,0,76,mqtt
2026-04-11T09:47:36.066261,24.2,0,0,7,0,0,0,76,mqtt
2026-04-11T09:47:41.176261,24.2,0,0,7,0,0,0,76,mqtt
2026-04-11T09:47:46.276373,24.2,0,0,7,0,0,0,76,mqtt
2026-04-11T09:47:51.444111,24.2,0,0,7,0,0,0,76,mqtt
2026-04-11T09:47:56.611729,24.2,0,0,7,0,0,0,76,mqtt
2026-04-11T09:48:01.780560,24.2,0,0,7,0,0,0,76,mqtt
2026-04-11T09:48:06.947126,24.2,0,0,7,0,0,0,76,mqtt
2026-04-11T09:48:12.116396,24.2,0,0,7,0,0,0,76,mqtt
2026-04-11T09:48:17.284396,24.2,0,0,7,0,0,0,76,mqtt
2026-04-11T09:48:22.451637,24.2,0,0,7,0,0,0,76,mqtt
2026-04-11T09:48:27.618565,24.2,0,0,7,0,0,0,76,mqtt
2026-04-11T09:48:32.787442,24.2,0,0,7,0,0,0,76,mqtt
2026-04-11T09:48:37.956322,24.2,0,0,7,0,0,0,76,mqtt
2026-04-11T09:48:43.122361,24.2,0,0,7,0,0,0,76,mqtt
2026-04-11T09:48:48.290673,24.2,0,0,7,0,0,0,76,mqtt
2026-04-11T09:48:53.458695,24.2,0,0,7,0,0,0,76,mqtt
2026-04-11T09:48:58.625076,24.2,0,0,7,0,0,0,76,mqtt
2026-04-11T09:49:03.792227,24.2,0,0,7,0,0,0,76,mqtt
2026-04-11T09:49:08.962940,24.2,0,0,7,0,0,0,76,mqtt
2026-04-11T09:49:14.131301,24.5,0,0,7,0,0,0,76,mqtt
2026-04-11T09:49:19.296358,24.6,0,0,7,0,0,0,76,mqtt
2026-04-11T09:49:24.463909,24.6,0,0,7,0,0,0,76,mqtt
2026-04-11T09:49:29.631232,24.6,0,0,7,0,0,0,76,mqtt
2026-04-11T09:49:34.799364,24.6,0,0,7,0,0,0,76,mqtt
2026-04-11T09:49:39.983661,24.6,0,0,7,0,0,0,76,mqtt
2026-04-11T09:49:45.136481,24.6,0,0,7,0,0,0,76,mqtt
2026-04-11T09:49:50.303920,24.6,0,0,7,0,0,0,76,mqtt
2026-04-11T09:49:55.474311,24.6,0,0,7,0,0,0,76,mqtt
2026-04-11T09:53:53.295425,25.2,42.1,347.42,6.75,82.16,50.57,118.95,97,demo
2026-04-11T09:54:46.665780,25.1,47.0,352.13,9.0,77.91,52.61,121.37,78,demo
2026-04-11T12:34:50.581952,25.3,46.0,351.59,7.74,81.39,47.16,118.71,93,demo
2026-04-11T21:03:12.208442,21.9,44.0,350.21,4.5,79.54,51.09,117.08,78,demo
2026-04-11T21:14:59.649641,23.2,42.3,348.82,9.0,80.69,49.83,117.38,77,demo
2026-04-11T22:23:39.978990,26.1,47.5,348.63,4.5,81.52,49.03,121.96,77,demo
2026-04-12T00:19:10.171707,27.2,44.7,350.15,6.48,78.09,49.49,118.08,96,demo
2026-04-12T00:30:47.538169,26.2,46.4,348.31,7.26,77.96,47.43,118.0,95,demo
2026-04-12T00:32:51.017782,26.6,43.4,349.43,7.76,82.73,51.61,119.17,92,demo
2026-04-12T00:37:59.573565,24.7,43.4,350.22,5.48,82.57,52.54,122.51,97,demo
2026-04-12T00:41:12.309211,23.8,43.4,349.24,9.0,80.64,50.86,122.7,77,demo
2026-04-12T00:42:13.202162,23.3,47.6,350.51,4.5,80.02,52.3,120.87,77,demo
2026-04-12T00:43:04.809226,22.4,43.8,350.68,5.29,80.5,51.98,122.52,93,demo
2026-04-12T00:44:31.183614,26.1,47.7,351.68,8.72,77.4,48.52,120.98,83,demo
2026-04-12T00:47:09.780856,25.0,46.4,352.05,9.0,80.2,52.35,119.93,78,demo
2026-04-12T00:49:43.777160,27.2,45.6,347.04,4.5,79.53,50.99,117.08,78,demo
2026-04-12T00:54:18.642534,24.1,46.9,352.13,4.5,79.26,47.3,122.24,77,demo
2026-04-12T00:56:51.927470,23.6,44.9,349.78,8.61,80.3,51.66,119.77,86,demo
2026-04-12T01:04:02.863930,26.1,43.4,349.53,4.5,78.55,50.33,118.29,78,demo
2026-04-12T01:07:40.548379,22.8,42.7,347.45,6.49,81.06,47.1,119.44,96,demo
2026-04-12T01:16:19.313289,22.8,46.4,350.53,4.5,77.81,52.39,119.18,78,demo
2026-04-12T01:17:27.597548,22.1,43.8,352.3,6.03,78.27,52.49,121.52,94,demo
2026-04-12T06:51:47.983791,26.1,46.5,350.25,8.82,80.85,48.81,118.35,81,demo
2026-04-12T07:51:42.827642,-1,-1,-1,-1,-1,-1,-1,30,mqtt
2026-04-12T07:51:47.927546,-1,-1,-1,-1,-1,-1,-1,30,mqtt
2026-04-12T07:51:53.154876,-1,-1,-1,-1,-1,-1,-1,30,mqtt
2026-04-12T07:51:58.271918,-1,-1,-1,-1,-1,-1,-1,30,mqtt
2026-04-12T07:52:03.420355,-1,-1,-1,-1,-1,-1,-1,30,mqtt
2026-04-12T07:52:08.722884,-1,-1,-1,-1,-1,-1,-1,30,mqtt
2026-04-12T07:52:13.750392,-1,-1,-1,-1,-1,-1,-1,30,mqtt
2026-04-12T07:52:20.089457,-1,-1,-1,-1,-1,-1,-1,30,mqtt
2026-04-12T07:52:24.091117,-1,-1,-1,-1,-1,-1,-1,30,mqtt
2026-04-12T07:52:29.300253,-1,-1,-1,-1,-1,-1,-1,30,mqtt
2026-04-12T07:52:34.445903,-1,-1,-1,-1,-1,-1,-1,30,mqtt
2026-04-12T07:52:39.641718,-1,-1,-1,-1,-1,-1,-1,30,mqtt
2026-04-12T07:52:44.761897,-1,-1,-1,-1,-1,-1,-1,30,mqtt
2026-04-12T07:52:49.984409,-1,-1,0,7,0,0,0,73,mqtt
2026-04-12T07:52:56.570796,23.2,0,0,7,0,0,0,76,mqtt
2026-04-12T07:53:00.265154,23.2,0,0,7,0,0,0,76,mqtt
2026-04-12T07:53:06.674705,23.2,0,0,7,0,0,0,76,mqtt
2026-04-12T07:53:12.107877,23.2,0,0,7,0,0,0,76,mqtt
2026-04-12T07:53:15.794282,23.2,0,0,7,0,0,0,76,mqtt
2026-04-12T07:53:37.139051,23.2,0,-1,7,0,0,0,76,mqtt
2026-04-12T07:53:42.310813,23.2,0,0,7,0,0,0,76,mqtt
2026-04-12T07:53:47.475859,23.2,0,0,7,0,0,0,76,mqtt
2026-04-12T07:54:13.022204,22.4,44.6,348.22,8.72,82.19,50.44,120.74,83,demo
2026-04-12T07:54:13.339190,23.2,0,0,7,0,0,0,76,mqtt
2026-04-12T07:54:19.689018,23.2,0,0,7,0,0,0,76,mqtt
2026-04-12T07:54:23.683176,23.2,0,0,7,0,0,0,76,mqtt
2026-04-12T07:54:28.818358,23.2,0,0,7,0,0,0,76,mqtt
2026-04-12T07:54:34.029474,23.2,0,0,7,0,0,0,76,mqtt
2026-04-12T07:54:39.151605,23.2,0,0,7,0,0,0,76,mqtt
2026-04-12T07:54:44.366428,23.2,0,0,7,0,0,0,76,mqtt
2026-04-12T07:54:49.491627,23.2,0,0,7,0,0,0,76,mqtt
2026-04-12T07:54:54.716990,23.2,0,0,7,0,0,0,76,mqtt
2026-04-12T07:54:59.828654,23.2,0,0,7,0,0,0,76,mqtt
2026-04-12T07:55:04.995093,23.2,0,0,7,0,0,0,76,mqtt
2026-04-12T07:55:10.173934,23.2,0,0,7,0,0,0,76,mqtt
2026-04-12T07:55:15.330591,23.2,0,0,7,0,0,0,76,mqtt
2026-04-12T07:55:20.519403,23.2,0,0,7,0,0,0,76,mqtt
2026-04-12T07:55:25.664114,23.2,0,0,7,0,0,0,76,mqtt
2026-04-12T07:55:30.858439,23.2,0,0,7,0,0,0,76,mqtt
2026-04-12T07:55:36.004526,23.2,0,0,7,0,0,0,76,mqtt
2026-04-12T07:55:41.199351,23.2,0,0,7,0,0,0,76,mqtt
2026-04-12T07:55:46.336742,23.2,0,0,7,0,0,0,76,mqtt
2026-04-12T07:55:51.543071,23.2,0,0,7,0,0,0,76,mqtt
2026-04-12T07:55:56.675265,23.2,0,0,7,0,0,0,76,mqtt
2026-04-12T07:56:01.885652,23.2,0,0,7,0,0,0,76,mqtt
2026-04-12T07:56:07.012684,23.2,0,0,7,0,0,0,76,mqtt
2026-04-12T07:56:12.227345,23.2,0,0,7,0,0,0,76,mqtt
2026-04-12T07:56:17.350376,23.2,0,0,7,0,0,0,76,mqtt
2026-04-12T07:56:22.576008,23.2,0,0,7,0,0,0,76,mqtt
2026-04-12T07:56:27.690819,23.2,0,0,7,0,0,0,76,mqtt
2026-04-12T07:56:32.851239,23.2,0,0,7,0,0,0,76,mqtt
2026-04-12T07:56:38.033542,23.2,0,0,7,0,0,0,76,mqtt
2026-04-12T07:56:43.184294,23.2,0,0,7,0,0,0,76,mqtt
2026-04-12T07:56:48.377646,23.2,0,0,7,0,0,0,76,mqtt
2026-04-12T07:56:53.522478,23.2,0,0,7,0,0,0,76,mqtt
2026-04-12T07:56:58.720124,23.2,0,0,7,0,0,0,76,mqtt
2026-04-12T07:57:03.857051,23.2,0,0,7,0,0,0,76,mqtt
2026-04-12T07:57:09.063221,23.2,0,0,7,0,0,0,76,mqtt
2026-04-12T07:57:14.195333,23.2,0,0,7,0,0,0,76,mqtt
2026-04-12T07:57:19.403206,23.2,0,0,7,0,0,0,76,mqtt
2026-04-12T07:57:24.531461,23.2,0,0,7,0,0,0,76,mqtt
2026-04-12T07:57:29.748708,23.2,0,0,7,0,0,0,76,mqtt
2026-04-12T07:57:34.868155,23.2,0,0,7,0,0,0,76,mqtt
2026-04-12T07:57:40.093975,23.2,0,0,7,0,0,0,76,mqtt
2026-04-12T07:57:45.210777,23.2,0,0,7,0,0,0,76,mqtt
2026-04-12T07:57:50.432904,23.2,0,0,7,0,0,0,76,mqtt
2026-04-12T07:57:55.553601,23.2,0,0,7,0,0,0,76,mqtt
2026-04-12T07:58:00.709183,23.2,0,0,7,0,0,0,76,mqtt
2026-04-12T07:58:05.917942,23.2,0,0,7,0,0,0,76,mqtt
2026-04-12T07:58:11.040426,23.2,0,0,7,0,0,0,76,mqtt
2026-04-12T07:58:16.242767,23.2,0,0,7,0,0,0,76,mqtt
2026-04-12T07:58:21.379735,23.2,0,0,7,0,0,0,76,mqtt
2026-04-12T07:58:26.581231,23.2,0,0,7,0,0,0,76,mqtt
2026-04-12T07:58:31.716282,23.2,0,0,7,0,0,0,76,mqtt
2026-04-12T07:58:36.922075,23.2,0,0,7,0,0,0,76,mqtt
2026-04-12T07:58:42.051556,23.2,0,0,7,0,0,0,76,mqtt
2026-04-12T07:58:47.264312,23.2,0,0,7,0,0,0,76,mqtt
2026-04-12T07:58:54.172350,23.2,0,0,7,0,0,0,76,mqtt
2026-04-12T07:58:57.557484,23.2,0,0,7,0,0,0,76,mqtt
2026-04-12T07:59:02.737437,23.2,0,0,7,0,0,0,76,mqtt
2026-04-12T07:59:07.894115,23.2,0,0,7,0,0,0,76,mqtt
2026-04-12T07:59:13.072402,23.2,0,0,7,0,0,0,76,mqtt
2026-04-12T07:59:18.225193,23.2,0,0,7,0,0,0,76,mqtt
2026-04-12T07:59:23.419197,23.2,0,0,7,0,0,0,76,mqtt
2026-04-12T07:59:28.561804,23.2,0,0,7,0,0,0,76,mqtt
2026-04-12T07:59:33.756674,23.2,0,0,7,0,0,0,76,mqtt
2026-04-12T07:59:38.900619,23.2,0,0,7,0,0,0,76,mqtt
2026-04-12T07:59:44.096376,23.2,0,0,7,0,0,0,76,mqtt
2026-04-12T07:59:49.236758,23.2,0,0,7,0,0,0,76,mqtt
2026-04-12T07:59:56.188346,23.2,0,0,7,0,0,0,76,mqtt
2026-04-12T07:59:59.572084,23.2,0,0,7,0,0,0,76,mqtt
2026-04-12T08:00:04.808822,23.2,0,0,7,0,0,0,76,mqtt
2026-04-12T08:00:09.910574,23.2,0,0,7,0,0,0,76,mqtt
2026-04-12T08:00:15.127114,23.2,0,0,7,0,0,0,76,mqtt
2026-04-12T08:00:20.245812,23.2,0,0,7,0,0,0,76,mqtt
2026-04-12T08:00:25.467788,23.2,0,0,7,0,0,0,76,mqtt
2026-04-12T08:00:30.589660,23.2,0,0,7,0,0,0,76,mqtt
2026-04-12T08:00:37.172932,23.2,0,0,7,0,0,0,76,mqtt
2026-04-12T08:00:40.930839,23.2,0,0,7,0,0,0,76,mqtt
2026-04-12T08:00:46.080825,23.2,0,0,7,0,0,0,76,mqtt
2026-04-12T08:00:51.275533,23.2,0,0,7,0,0,0,76,mqtt
2026-04-12T08:00:56.420615,23.2,0,0,7,0,0,0,76,mqtt
2026-04-12T08:01:01.615390,23.2,0,0,7,0,0,0,76,mqtt
2026-04-12T08:01:06.756730,23.2,0,0,7,0,0,0,76,mqtt
2026-04-12T08:01:11.958932,23.2,0,0,7,0,0,0,76,mqtt
2026-04-12T08:01:17.089845,23.2,0,0,7,0,0,0,76,mqtt
2026-04-12T08:01:22.301859,23.2,0,0,7,0,0,0,76,mqtt
2026-04-12T08:01:27.429433,23.2,0,0,7,0,0,0,76,mqtt
2026-04-12T08:01:34.693073,23.2,0,0,7,0,0,0,76,mqtt
2026-04-12T08:01:37.783495,23.2,0,0,7,0,0,0,76,mqtt
2026-04-12T08:01:42.993158,23.2,0,0,7,0,0,0,76,mqtt
2026-04-12T08:01:48.106162,23.2,0,0,7,0,0,0,76,mqtt
2026-04-12T08:01:53.279272,23.2,0,0,7,0,0,0,76,mqtt
2026-04-12T08:01:58.450148,23.2,0,0,7,0,0,0,76,mqtt
2026-04-12T08:02:03.603983,23.2,0,0,7,0,0,0,76,mqtt
2026-04-12T08:02:08.789124,23.2,0,0,7,0,0,0,76,mqtt
2026-04-12T08:02:13.941406,23.2,0,0,7,0,0,0,76,mqtt
2026-04-12T08:02:19.133810,23.2,0,0,7,0,0,0,76,mqtt
2026-04-12T08:02:24.277240,23.2,0,0,7,0,0,0,76,mqtt
2026-04-12T08:02:29.479922,23.2,0,0,7,0,0,0,76,mqtt
2026-04-12T08:02:34.613589,23.2,0,0,7,0,0,0,76,mqtt
2026-04-12T08:02:39.825523,23.2,0,0,7,0,0,0,76,mqtt
2026-04-12T08:02:44.949742,23.2,0,0,7,0,0,0,76,mqtt
2026-04-12T08:02:50.160969,23.2,0,0,7,0,0,0,76,mqtt
2026-04-12T08:02:55.313352,23.2,0,0,7,0,0,0,76,mqtt
2026-04-12T08:03:00.505550,23.2,0,0,7,0,0,0,76,mqtt
2026-04-12T08:03:05.625030,23.2,0,0,7,0,0,0,76,mqtt
2026-04-12T08:03:10.788730,23.2,0,0,7,0,0,0,76,mqtt
2026-04-12T08:03:15.969332,23.2,0,0,7,0,0,0,76,mqtt
2026-04-12T08:03:21.122908,23.2,0,0,7,0,0,0,76,mqtt
2026-04-12T08:03:26.338361,23.2,0,0,7,0,0,0,76,mqtt
2026-04-12T08:03:31.461740,23.2,0,0,7,0,0,0,76,mqtt
2026-04-12T08:03:36.652519,23.2,0,0,7,0,0,0,76,mqtt
2026-04-12T08:03:41.796825,23.2,0,0,7,0,0,0,76,mqtt
2026-04-12T08:03:46.996253,23.2,0,0,7,0,0,0,76,mqtt
2026-04-12T08:03:52.133388,23.2,0,0,7,0,0,0,76,mqtt
2026-04-12T08:03:57.355100,23.2,0,0,7,0,0,0,76,mqtt
2026-04-12T08:04:02.482752,23.2,0,0,7,0,0,0,76,mqtt
2026-04-12T08:04:07.680153,23.2,0,0,7,0,0,0,76,mqtt
2026-04-12T08:04:12.811061,23.2,0,0,7,0,0,0,76,mqtt
2026-04-12T08:04:18.022482,23.2,0,0,7,0,0,0,76,mqtt
2026-04-12T08:04:23.143763,23.2,0,0,7,0,0,0,76,mqtt
2026-04-12T08:04:28.367699,23.2,0,0,7,0,0,0,76,mqtt
2026-04-12T08:04:33.488290,23.2,0,0,7,0,0,0,76,mqtt
2026-04-12T08:04:38.643318,23.2,0,0,7,0,0,0,76,mqtt
2026-04-12T08:04:43.828478,23.2,0,0,7,0,0,0,76,mqtt
2026-04-12T08:04:48.979163,23.2,0,0,7,0,0,0,76,mqtt
2026-04-12T08:04:54.178890,23.2,0,0,7,0,0,0,76,mqtt
2026-04-12T08:04:59.319327,23.2,0,0,7,0,0,0,76,mqtt
2026-04-12T08:05:04.516100,23.2,0,0,7,0,0,0,76,mqtt
2026-04-12T08:05:09.654453,23.2,0,0,7,0,0,0,76,mqtt
2026-04-12T08:05:14.869984,23.2,0,0,7,0,0,0,76,mqtt
2026-04-12T08:05:19.990052,23.2,0,0,7,0,0,0,76,mqtt
2026-04-12T08:05:25.197351,23.2,0,0,7,0,0,0,76,mqtt
2026-04-12T08:05:30.328366,23.2,0,0,7,0,0,0,76,mqtt
2026-04-12T08:05:35.544514,23.2,0,0,7,0,0,0,76,mqtt
2026-04-12T08:05:40.662583,23.2,0,0,7,0,0,0,76,mqtt
2026-04-12T08:05:45.887566,23.2,0,0,7,0,0,0,76,mqtt
2026-04-12T08:05:51.004932,23.2,0,0,7,0,0,0,76,mqtt
2026-04-12T08:05:56.163196,23.2,0,0,7,0,0,0,76,mqtt
2026-04-12T08:06:01.347686,23.2,0,0,7,0,0,0,76,mqtt
2026-04-12T08:06:06.508914,23.2,0,0,7,0,0,0,76,mqtt
2026-04-12T08:06:11.689394,23.2,0,0,7,0,0,0,76,mqtt
2026-04-12T08:06:16.840001,23.2,0,0,7,0,0,0,76,mqtt
2026-04-12T08:06:22.031710,23.2,0,0,7,0,0,0,76,mqtt
2026-04-12T08:06:27.174618,23.2,0,0,7,0,0,0,76,mqtt
2026-04-12T08:06:32.375968,23.2,0,0,7,0,0,0,76,mqtt
2026-04-12T08:06:37.511079,23.2,0,0,7,0,0,0,76,mqtt
2026-04-12T08:06:42.717672,23.2,0,0,7,0,0,0,76,mqtt
2026-04-12T08:06:47.847536,23.2,0,0,7,0,0,0,76,mqtt
2026-04-12T08:06:53.058493,23.2,0,0,7,0,0,0,76,mqtt
2026-04-12T08:06:58.182845,23.2,0,0,7,0,0,0,76,mqtt
2026-04-12T08:07:03.408699,23.2,0,0,7,0,0,0,76,mqtt
2026-04-12T08:07:08.523398,23.2,0,0,7,0,0,0,76,mqtt
2026-04-12T08:07:13.688534,23.2,0,0,7,0,0,0,76,mqtt
2026-04-12T08:07:18.876432,23.2,0,0,7,0,0,0,76,mqtt
2026-04-12T08:07:24.021116,23.2,0,0,7,0,0,0,76,mqtt
2026-04-12T08:07:29.211712,23.2,0,0,7,0,0,0,76,mqtt
2026-04-12T08:07:34.358896,23.2,0,0,7,0,0,0,76,mqtt
2026-04-12T08:07:39.554820,23.2,0,0,7,0,0,0,76,mqtt
2026-04-12T08:07:44.695734,23.2,0,0,7,0,0,0,76,mqtt
2026-04-12T08:07:49.895282,23.2,0,0,7,0,0,0,76,mqtt
2026-04-12T08:07:55.039273,23.2,0,0,7,0,0,0,76,mqtt
2026-04-12T08:08:01.687911,23.2,0,0,7,0,0,0,76,mqtt
2026-04-12T08:08:05.371551,23.2,0,0,7,0,0,0,76,mqtt
2026-04-12T08:08:10.582232,23.2,0,0,7,0,0,0,76,mqtt
2026-04-12T08:08:17.239848,23.2,0,0,7,0,0,0,76,mqtt
2026-04-12T08:08:20.925445,23.2,0,0,7,0,0,0,76,mqtt
2026-04-12T08:08:26.045632,23.2,0,0,7,0,0,0,76,mqtt
2026-04-12T08:08:31.203824,23.2,0,0,7,0,0,0,76,mqtt
2026-04-12T08:08:36.385280,23.2,0,0,7,0,0,0,76,mqtt
2026-04-12T08:08:41.540451,23.2,0,0,7,0,0,0,76,mqtt
2026-04-12T08:08:46.742860,23.2,0,0,7,0,0,0,76,mqtt
2026-04-12T08:08:53.691968,23.2,0,0,7,0,0,0,76,mqtt
2026-04-12T08:08:57.072604,23.2,0,0,7,0,0,0,76,mqtt
2026-04-12T08:09:02.215857,23.2,0,0,7,0,0,0,76,mqtt
2026-04-12T08:09:07.415317,23.2,0,0,7,0,0,0,76,mqtt
2026-04-12T08:09:12.551463,23.2,0,0,7,0,0,0,76,mqtt
2026-04-12T08:09:17.758674,23.2,0,0,7,0,0,0,76,mqtt
2026-04-12T08:09:22.887493,23.2,0,0,7,0,0,0,76,mqtt
2026-04-12T08:09:28.102743,23.2,0,0,7,0,0,0,76,mqtt
2026-04-12T08:09:33.229267,23.2,0,0,7,0,0,0,76,mqtt
2026-04-12T08:09:38.443322,23.2,0,0,7,0,0,0,76,mqtt
2026-04-12T08:09:44.689391,23.2,0,0,7,0,0,0,76,mqtt
2026-04-12T08:09:48.724301,23.2,0,0,7,0,0,0,76,mqtt
2026-04-12T08:09:53.914108,23.2,0,0,7,0,0,0,76,mqtt
2026-04-12T08:09:59.063923,23.2,0,0,7,0,0,0,76,mqtt
2026-04-12T08:10:04.251268,23.2,0,0,7,0,0,0,76,mqtt
2026-04-12T08:10:13.687182,23.2,0,0,7,0,0,0,76,mqtt
2026-04-12T08:10:14.598048,23.2,0,0,7,0,0,0,76,mqtt
2026-04-12T08:10:19.736358,23.2,0,0,7,0,0,0,76,mqtt
2026-04-12T08:10:24.935993,23.2,0,0,7,0,0,0,76,mqtt
2026-04-12T08:10:30.072077,23.2,0,0,7,0,0,0,76,mqtt
2026-04-12T08:10:35.285401,23.2,0,0,7,0,0,0,76,mqtt
2026-04-12T08:10:40.407974,23.2,0,0,7,0,0,0,76,mqtt
2026-04-12T08:10:45.619923,23.2,0,0,7,0,0,0,76,mqtt
2026-04-12T08:10:50.743139,23.2,0,0,7,0,0,0,76,mqtt
2026-04-12T08:10:55.970098,23.2,0,0,7,0,0,0,76,mqtt
2026-04-12T08:11:05.193631,23.2,0,0,7,0,0,0,76,mqtt
2026-04-12T08:11:06.247778,23.2,0,0,7,0,0,0,76,mqtt
2026-04-12T08:11:11.429910,23.2,0,0,7,0,0,0,76,mqtt
2026-04-12T08:11:16.581469,23.2,0,0,7,0,0,0,76,mqtt
2026-04-12T08:11:21.767399,23.2,0,0,7,0,0,0,76,mqtt
2026-04-12T08:11:26.921014,23.2,0,0,7,0,0,0,76,mqtt
2026-04-12T08:11:32.111848,23.2,0,0,7,0,0,0,76,mqtt
2026-04-12T08:11:37.257530,23.2,0,0,7,0,0,0,76,mqtt
2026-04-12T08:11:42.473326,23.2,0,0,7,0,0,0,76,mqtt
2026-04-12T08:11:49.736809,23.2,0,0,7,0,0,0,76,mqtt
2026-04-12T08:11:52.801526,23.2,0,0,7,0,0,0,76,mqtt
2026-04-12T08:11:57.928211,23.2,0,0,7,0,0,0,76,mqtt
2026-04-12T08:12:03.137794,23.2,0,0,7,0,0,0,76,mqtt
2026-04-12T08:12:08.265685,23.2,0,0,7,0,0,0,76,mqtt
2026-04-12T08:12:13.487017,23.2,0,0,7,0,0,0,76,mqtt
2026-04-12T08:12:18.600525,23.2,0,0,7,0,0,0,76,mqtt
2026-04-12T08:12:23.770096,23.2,0,0,7,0,0,0,76,mqtt
2026-04-12T08:12:28.945187,23.2,0,0,7,0,0,0,76,mqtt
2026-04-12T08:12:34.104000,23.2,0,0,7,0,0,0,76,mqtt
2026-04-12T08:12:39.286424,23.2,0,0,7,0,0,0,76,mqtt
2026-04-12T08:12:44.440139,23.2,0,0,7,0,0,0,76,mqtt
2026-04-12T08:12:49.629281,23.2,0,0,7,0,0,0,76,mqtt
2026-04-12T08:12:54.775901,23.2,0,0,7,0,0,0,76,mqtt
2026-04-12T08:12:59.973045,23.2,0,0,7,0,0,0,76,mqtt
2026-04-12T08:13:05.108665,23.2,0,0,7,0,0,0,76,mqtt
2026-04-12T08:13:10.316135,23.2,0,0,7,0,0,0,76,mqtt
2026-04-12T08:13:15.447889,23.2,0,0,7,0,0,0,76,mqtt
2026-04-12T08:13:20.658604,23.2,0,0,7,0,0,0,76,mqtt
2026-04-12T08:13:25.785851,23.2,0,0,7,0,0,0,76,mqtt
2026-04-12T08:13:30.999404,23.2,0,0,7,0,0,0,76,mqtt
2026-04-12T08:13:36.127385,23.2,0,0,7,0,0,0,76,mqtt
2026-04-12T08:13:41.342119,23.2,0,0,7,0,0,0,76,mqtt
2026-04-12T08:13:47.699672,23.2,0,0,7,0,0,0,76,mqtt
2026-04-12T08:13:51.624866,23.2,0,0,7,0,0,0,76,mqtt
2026-04-12T08:13:56.807278,23.2,0,0,7,0,0,0,76,mqtt
2026-04-12T08:14:01.961105,23.2,0,0,7,0,0,0,76,mqtt
2026-04-12T08:14:07.148230,23.2,0,0,7,0,0,0,76,mqtt
2026-04-12T08:14:12.296111,23.2,0,0,7,0,0,0,76,mqtt
2026-04-12T08:14:17.491187,23.2,0,0,7,0,0,0,76,mqtt
2026-04-12T08:14:22.632445,23.2,0,0,7,0,0,0,76,mqtt
2026-04-12T08:14:27.833531,23.2,0,0,7,0,0,0,76,mqtt
2026-04-12T08:14:32.968874,23.2,0,0,7,0,0,0,76,mqtt
2026-04-12T08:14:38.174012,23.2,0,0,7,0,0,0,76,mqtt
2026-04-12T08:14:43.303222,23.2,0,0,7,0,0,0,76,mqtt
2026-04-12T08:14:48.519359,23.2,0,0,7,0,0,0,76,mqtt
2026-04-12T08:14:53.646649,23.2,0,0,7,0,0,0,76,mqtt
2026-04-12T08:14:58.861880,23.2,0,0,7,0,0,0,76,mqtt
2026-04-12T08:15:03.983233,23.2,0,0,7,0,0,0,76,mqtt
2026-04-12T08:15:09.144877,23.2,0,0,7,0,0,0,76,mqtt
2026-04-12T08:15:14.323974,23.2,0,0,7,0,0,0,76,mqtt
2026-04-12T08:15:19.494524,23.2,0,0,7,0,0,0,76,mqtt
2026-04-12T08:15:24.667873,23.2,0,0,7,0,0,0,76,mqtt
2026-04-12T08:15:29.832042,23.2,0,0,7,0,0,0,76,mqtt
2026-04-12T08:15:35.009967,23.2,0,0,7,0,0,0,76,mqtt
2026-04-12T08:15:40.153657,23.2,0,0,7,0,0,0,76,mqtt
2026-04-12T08:15:45.351525,23.2,0,0,7,0,0,0,76,mqtt
2026-04-12T08:15:50.491383,23.2,0,0,7,0,0,0,76,mqtt
2026-04-12T08:15:55.696786,23.2,0,0,7,0,0,0,76,mqtt
2026-04-12T08:16:00.827603,23.2,0,0,7,0,0,0,76,mqtt
2026-04-12T08:16:06.038071,23.2,0,0,7,0,0,0,76,mqtt
2026-04-12T08:16:11.165186,23.2,0,0,7,0,0,0,76,mqtt
2026-04-12T08:16:16.381298,23.2,0,0,7,0,0,0,76,mqtt
2026-04-12T08:16:21.506249,23.2,0,0,7,0,0,0,76,mqtt
2026-04-12T08:16:26.666299,23.2,0,0,7,0,0,0,76,mqtt
2026-04-12T08:16:31.842157,23.2,0,0,7,0,0,0,76,mqtt
2026-04-12T08:16:37.004024,23.2,0,0,7,0,0,0,76,mqtt
2026-04-12T08:16:42.185490,23.2,0,0,7,0,0,0,76,mqtt
2026-04-12T08:16:47.406877,23.2,0,0,7,0,0,0,76,mqtt
2026-04-12T08:16:52.533937,23.2,0,0,7,0,0,0,76,mqtt
2026-04-12T08:16:57.673531,23.2,0,0,7,0,0,0,76,mqtt
2026-04-12T08:17:02.870871,23.2,0,0,7,0,0,0,76,mqtt
2026-04-12T08:17:08.010038,23.2,0,0,7,0,0,0,76,mqtt
2026-04-12T08:17:13.209940,23.2,0,0,7,0,0,0,76,mqtt
2026-04-12T08:17:18.343014,23.2,0,0,7,0,0,0,76,mqtt
2026-04-12T08:17:23.558906,23.2,0,0,7,0,0,0,76,mqtt
2026-04-12T08:17:28.681917,23.2,0,0,7,0,0,0,76,mqtt
2026-04-12T08:17:33.905780,23.2,0,0,7,0,0,0,76,mqtt
2026-04-12T08:17:39.017689,23.2,0,0,7,0,0,0,76,mqtt
2026-04-12T08:17:44.186334,23.2,0,0,7,0,0,0,76,mqtt
2026-04-12T08:17:49.367132,23.2,0,0,7,0,0,0,76,mqtt
2026-04-12T08:17:56.221878,23.2,0,0,7,0,0,0,76,mqtt
2026-04-12T08:17:59.704700,23.2,0,0,7,0,0,0,76,mqtt
2026-04-12T08:18:04.858318,23.2,0,0,7,0,0,0,76,mqtt
2026-04-12T08:18:10.056779,23.2,0,0,7,0,0,0,76,mqtt
2026-04-12T08:18:15.192821,23.2,0,0,7,0,0,0,76,mqtt
2026-04-12T08:18:20.389986,23.2,0,0,7,0,0,0,76,mqtt
2026-04-12T08:18:25.531625,23.2,0,0,7,0,0,0,76,mqtt
2026-04-12T08:18:30.732734,23.2,0,0,7,0,0,0,76,mqtt
2026-04-12T08:18:35.867422,23.2,0,0,7,0,0,0,76,mqtt
2026-04-12T08:18:41.076945,23.2,0,0,7,0,0,0,76,mqtt
2026-04-12T08:18:46.204171,23.2,0,0,7,0,0,0,76,mqtt
2026-04-12T08:18:51.414086,23.2,0,0,7,0,0,0,76,mqtt
2026-04-12T08:18:56.543425,23.2,0,0,7,0,0,0,76,mqtt
2026-04-12T08:19:01.708660,23.2,0,0,7,0,0,0,76,mqtt
2026-04-12T08:19:06.887800,23.2,0,0,7,0,0,0,76,mqtt
2026-04-12T08:19:13.749585,23.2,0,0,7,0,0,0,76,mqtt
2026-04-12T08:19:17.223960,23.2,0,0,7,0,0,0,76,mqtt
2026-04-12T08:19:22.379674,23.2,0,0,7,0,0,0,76,mqtt
2026-04-12T08:19:27.571768,23.2,0,0,7,0,0,0,76,mqtt
2026-04-12T08:19:32.717979,23.2,0,0,7,0,0,0,76,mqtt
2026-04-12T08:19:37.909359,23.2,0,0,7,0,0,0,76,mqtt
2026-04-12T08:19:44.260158,23.2,0,0,7,0,0,0,76,mqtt
2026-04-12T08:19:48.252204,23.2,0,0,7,0,0,0,76,mqtt
2026-04-12T08:19:53.388264,23.2,0,0,7,0,0,0,76,mqtt
2026-04-12T08:19:58.595305,23.2,0,0,7,0,0,0,76,mqtt
2026-04-12T08:20:03.726534,23.2,0,0,7,0,0,0,76,mqtt
2026-04-12T08:20:08.936561,23.2,0,0,7,0,0,0,76,mqtt
2026-04-12T08:20:18.261185,23.2,0,0,7,0,0,0,76,mqtt
2026-04-12T08:20:19.292684,23.2,0,0,7,0,0,0,76,mqtt
2026-04-12T08:20:24.406937,23.2,0,0,7,0,0,0,76,mqtt
2026-04-12T08:20:29.565939,23.2,0,0,7,0,0,0,76,mqtt
2026-04-12T08:20:34.740799,-1,-1,-1,-1,-1,-1,-1,30,mqtt
2026-04-12T08:20:41.737462,23.2,13,95,9,10,15,30,63,mqtt
2026-04-12T08:20:45.084622,23.1,14.2,159,7.55,11,15,31,82,mqtt
2026-04-12T08:20:50.235642,22.8,14.1,161,7,11,15,31,85,mqtt
2026-04-12T08:20:55.436514,22.8,14,159,6.78,11,15,31,86,mqtt
2026-04-12T08:21:00.573273,22.8,14,161,6.67,11,17,33,86,mqtt
2026-04-12T08:21:05.772600,22.6,14,157,7.94,11,15,31,80,mqtt
2026-04-12T08:21:10.907419,22.4,14,158,7.75,11,15,31,81,mqtt
2026-04-12T08:21:16.121078,22.4,14,157,7.62,11,15,32,81,mqtt
2026-04-12T08:21:22.777360,22.4,14,161,7.5,11,15,31,82,mqtt
2026-04-12T08:21:26.455815,22.4,14,159,7.37,11,15,31,83,mqtt
2026-04-12T08:21:31.584192,22.4,14,158,7.24,11,15,31,83,mqtt
2026-04-12T08:21:36.800548,22.4,14,158,7.18,11,15,31,84,mqtt
2026-04-12T08:21:41.919067,22.4,14,157,7.11,11,15,31,84,mqtt
2026-04-12T08:21:47.267122,22.4,14.1,159,7,11,15,31,85,mqtt
2026-04-12T08:21:52.260586,22.4,14,159,7,11,16,32,85,mqtt
2026-04-12T08:21:59.227329,22.4,14.6,161,7,11,16,32,85,mqtt
2026-04-12T08:22:02.610553,22.4,15.3,161,7,11,16,32,86,mqtt
2026-04-12T08:22:07.939629,22.3,14.8,23,9,12,10,7,62,mqtt
2026-04-12T08:22:12.990254,22.1,23.8,269,9,19,27,55,68,mqtt
2026-04-12T08:22:18.102200,22,24.1,289,9,20,29,58,68,mqtt
2026-04-12T08:22:23.312424,22,24.1,298,8.74,21,30,60,74,mqtt
2026-04-12T08:22:28.425523,22,24.2,304,8.4,22,30,61,81,mqtt
2026-04-12T08:22:34.760179,22,24.2,312,8.21,22,31,62,85,mqtt
2026-04-12T08:22:38.793787,22,24.2,315,8.02,22,31,63,88,mqtt
2026-04-12T08:22:44.294537,22,24.1,319,7.89,22,32,64,83,mqtt
2026-04-12T08:22:49.109487,22,24.1,321,7.82,22,32,64,84,mqtt
2026-04-12T08:22:54.353390,22,24.1,327,7.7,23,32,65,84,mqtt
2026-04-12T08:22:59.457190,22,24.1,332,7.63,23,33,66,85,mqtt
2026-04-12T08:23:04.606651,22,24.1,332,7.57,23,33,67,85,mqtt
2026-04-12T08:23:09.791351,22,24.1,336,7.51,24,33,67,85,mqtt
2026-04-12T08:23:14.943602,22,24.1,339,7.44,24,34,68,86,mqtt
2026-04-12T08:23:20.133913,22,24.1,343,7.38,24,34,68,86,mqtt
2026-04-12T08:23:25.277143,22,24.1,344,7.31,24,34,69,87,mqtt
2026-04-12T08:23:30.465605,22,24.1,348,7.25,25,34,70,87,mqtt
2026-04-12T08:23:35.613697,22,24.1,352,7.25,25,35,70,87,mqtt
2026-04-12T08:23:40.818194,22,24.1,354,7.19,25,35,71,87,mqtt
2026-04-12T08:23:45.952519,22,24.2,357,7.12,25,35,70,88,mqtt
2026-04-12T08:23:51.151262,22,24.1,356,7.12,25,35,71,88,mqtt
2026-04-12T08:23:56.285432,22,24.1,358,7.12,25,36,72,88,mqtt
2026-04-12T08:24:01.496373,22,24.2,364,7,26,36,73,89,mqtt
2026-04-12T08:24:06.618366,22,24.1,365,7,26,36,73,89,mqtt
2026-04-12T08:24:11.838751,22,24.2,366,7,26,36,73,89,mqtt
2026-04-12T08:24:16.956950,22,24.2,369,7,26,36,73,89,mqtt
2026-04-12T08:24:22.185485,22,24.3,373,7,26,37,74,89,mqtt
2026-04-12T08:24:27.299971,22,24.2,373,7,26,36,74,89,mqtt
2026-04-12T08:24:32.524950,22,24.3,375,7,26,37,74,89,mqtt
2026-04-12T08:24:37.657906,22,24.3,375,7,26,37,75,89,mqtt
2026-04-12T08:24:42.797126,22,24.3,378,7,26,37,75,89,mqtt
2026-04-12T08:24:47.978712,22,24.4,381,7,27,38,76,89,mqtt
2026-04-12T08:24:53.133697,22,24.4,378,7,27,38,76,89,mqtt
2026-04-12T08:24:58.329703,22,24.2,383,7,27,38,76,89,mqtt
2026-04-12T08:25:03.466212,22,24.4,385,7,27,38,77,89,mqtt
2026-04-12T08:25:08.662490,22,24.4,385,7,27,38,77,89,mqtt
2026-04-12T08:25:13.801953,22,24.3,386,7,27,38,77,89,mqtt
2026-04-12T08:25:19.005659,22,24.3,389,7,27,38,77,89,mqtt
2026-04-12T08:25:24.141301,22,24.3,389,7,28,39,78,89,mqtt
2026-04-12T08:25:29.350259,22,24.4,393,7,28,39,78,89,mqtt
2026-04-12T08:25:34.478314,22,24.4,396,7,28,39,79,89,mqtt
2026-04-12T08:25:39.672233,22,24.4,397,6.89,28,39,79,90,mqtt
2026-04-12T08:25:44.819543,22,24.4,398,6.89,28,39,79,90,mqtt
2026-04-12T08:25:49.982417,22,24.4,398,6.89,28,39,79,90,mqtt
2026-04-12T08:25:55.149954,22,24.4,400,6.89,28,40,80,90,mqtt
2026-04-12T08:26:00.318383,22,24.4,401,6.89,28,40,80,90,mqtt
2026-04-12T08:26:07.231979,22,24.4,401,6.87,28,39,80,90,mqtt
2026-04-12T08:26:10.653856,22,24.4,401,6.87,28,40,80,90,mqtt
2026-04-12T08:26:15.825211,22,24.5,400,6.87,28,40,80,90,mqtt
2026-04-12T08:26:20.990424,22,24.4,399,6.87,28,40,80,90,mqtt
2026-04-12T08:26:26.162817,22,24.4,403,6.87,28,40,80,90,mqtt
2026-04-12T08:26:31.326504,22,24.4,405,6.87,29,40,81,90,mqtt
2026-04-12T08:26:36.506474,22,24.4,404,6.85,28,40,81,90,mqtt
2026-04-12T08:26:41.725479,22,24.4,407,6.85,28,40,81,90,mqtt
2026-04-12T08:26:46.830452,22,24.4,406,6.85,29,40,80,90,mqtt
2026-04-12T08:26:51.998811,22,24.4,406,6.85,29,40,81,90,mqtt
2026-04-12T08:26:57.166054,22,24.4,408,6.85,29,40,81,90,mqtt
2026-04-12T08:27:02.335374,22,24.4,405,6.85,28,40,81,90,mqtt
2026-04-12T08:27:07.503510,22,24.4,407,6.83,29,40,81,91,mqtt
2026-04-12T08:27:12.675703,22,24.5,409,6.83,29,40,81,91,mqtt
2026-04-12T08:27:17.843799,22,24.4,408,6.83,29,40,81,91,mqtt
2026-04-12T08:27:23.007067,22,24.4,411,6.83,29,41,82,91,mqtt
2026-04-12T08:27:28.175781,22,24.5,405,6.83,29,41,82,91,mqtt
2026-04-12T08:27:33.346625,22,24.4,409,6.83,29,41,82,91,mqtt
2026-04-12T08:27:38.520298,22,24.5,409,6.83,29,41,82,91,mqtt
2026-04-12T08:27:43.680233,22,24.4,411,6.8,29,41,82,91,mqtt
2026-04-12T08:27:48.844965,22,24.4,413,6.8,29,41,82,91,mqtt
2026-04-12T08:27:54.014171,22,24.4,411,6.8,29,41,82,91,mqtt
2026-04-12T08:27:59.181925,22,24.4,410,6.8,29,41,82,91,mqtt
2026-04-12T08:28:04.349522,22,24.4,415,6.8,29,41,83,91,mqtt
2026-04-12T08:28:09.515208,22,24.5,413,6.8,29,41,82,91,mqtt
2026-04-12T08:28:15.730123,22,24.4,414,6.8,29,41,83,91,mqtt
2026-04-12T08:28:19.841880,22,24.4,416,6.8,29,41,82,91,mqtt
2026-04-12T08:28:25.004147,22,24.5,415,6.8,29,41,83,91,mqtt
2026-04-12T08:28:30.170913,22,24.4,416,6.78,29,41,83,91,mqtt
2026-04-12T08:28:36.713329,22,24.5,415,6.78,29,41,83,91,mqtt
2026-04-12T08:28:40.499645,22,24.6,412,6.78,29,41,83,91,mqtt
2026-04-12T08:28:45.662373,22,24.5,416,6.78,29,41,82,91,mqtt
2026-04-12T08:28:50.827093,22,24.6,417,6.78,29,41,83,91,mqtt
2026-04-12T08:28:57.199594,22,24.6,418,6.78,29,41,83,91,mqtt
2026-04-12T08:29:01.156204,22,24.5,417,6.78,29,41,83,91,mqtt
2026-04-12T08:29:06.436301,22,24.4,419,6.78,29,41,83,91,mqtt
2026-04-12T08:29:11.491936,22,24.5,419,6.76,30,42,83,91,mqtt
2026-04-12T08:29:16.652266,22,24.5,419,6.76,29,41,83,91,mqtt
2026-04-12T08:29:21.823708,22,24.5,418,6.76,29,41,83,91,mqtt
2026-04-12T08:29:26.982753,22,24.5,417,6.76,29,42,83,91,mqtt
2026-04-12T08:29:32.167677,22,24.5,416,6.76,29,41,83,91,mqtt
2026-04-12T08:29:37.314556,22,24.4,420,6.76,29,41,83,91,mqtt
2026-04-12T08:29:46.773572,22,24.5,418,6.76,29,41,84,91,mqtt
2026-04-12T08:30:01.370735,22,24.6,418,6.76,29,41,83,91,mqtt
2026-04-12T08:30:01.575898,22,24.5,416,6.76,29,41,83,91,mqtt
2026-04-12T08:30:01.785910,22,24.6,421,6.76,30,41,83,91,mqtt
2026-04-12T08:30:03.148760,22,24.6,416,6.76,29,41,83,91,mqtt
2026-04-12T08:30:08.343900,22,24.6,422,6.74,29,41,84,91,mqtt
2026-04-12T08:30:13.475133,22,24.5,420,6.74,30,42,84,91,mqtt
2026-04-12T08:30:18.667590,22,24.5,420,6.74,30,41,83,91,mqtt
2026-04-12T08:30:23.830103,22,24.7,420,6.74,29,42,84,91,mqtt
2026-04-12T08:30:29.010677,22,24.5,420,6.74,30,41,83,91,mqtt
2026-04-12T08:30:34.139120,22,24.5,420,6.74,29,41,83,91,mqtt
2026-04-12T08:30:39.355078,22,24.6,421,6.74,30,42,84,91,mqtt
2026-04-12T08:30:44.484919,22,24.7,422,6.74,30,41,84,91,mqtt
2026-04-12T08:30:49.684788,22,24.6,421,6.74,29,42,84,91,mqtt
2026-04-12T08:30:54.827116,22,24.6,419,6.74,30,42,84,91,mqtt
2026-04-12T08:31:00.023818,22,24.6,421,6.74,30,41,83,91,mqtt
2026-04-12T08:31:05.157460,22,24.6,423,6.74,29,41,84,91,mqtt
2026-04-12T08:31:10.305076,22,24.7,421,6.74,30,42,84,91,mqtt
2026-04-12T08:31:15.479243,22,24.5,422,6.72,30,42,84,91,mqtt
2026-04-12T08:31:20.635516,22,24.6,420,6.72,30,42,84,91,mqtt
2026-04-12T08:31:25.821289,22,24.6,422,6.72,30,42,84,91,mqtt
2026-04-12T08:31:30.972176,22,24.7,420,6.72,30,42,84,91,mqtt
2026-04-12T08:31:36.272576,22,24.6,423,6.72,30,42,84,91,mqtt
2026-04-12T08:31:41.392540,22,24.7,423,6.72,30,42,84,91,mqtt
2026-04-12T08:31:46.502347,22,24.7,420,6.72,30,42,84,91,mqtt
2026-04-12T08:31:51.634904,22,24.6,423,6.72,30,42,84,91,mqtt
2026-04-12T08:31:56.839848,22,24.7,421,6.72,30,42,84,91,mqtt
2026-04-12T08:32:01.971903,22,24.7,425,6.72,30,42,84,91,mqtt
2026-04-12T08:32:07.181960,22,24.6,419,6.72,30,41,84,91,mqtt
2026-04-12T08:32:12.308932,22,24.7,424,6.72,30,42,84,91,mqtt
2026-04-12T08:32:17.473800,22,24.6,423,6.72,30,42,84,91,mqtt
2026-04-12T08:32:22.640687,22,24.7,423,6.72,30,42,84,91,mqtt
2026-04-12T08:32:27.807904,22,24.6,425,6.72,30,42,84,91,mqtt
2026-04-12T08:32:32.982938,22,24.7,423,6.69,30,42,84,91,mqtt
2026-04-12T08:32:38.142831,22,24.5,423,6.69,30,42,84,91,mqtt
2026-04-12T08:32:43.329056,22,24.6,420,6.69,30,42,84,91,mqtt
2026-04-12T08:32:48.475915,22,24.6,423,6.69,30,42,84,91,mqtt
2026-04-12T08:32:53.664662,22,24.7,424,6.69,30,42,84,91,mqtt
2026-04-12T08:32:58.812030,22,24.6,425,6.69,30,42,84,91,mqtt
2026-04-12T08:33:04.012269,22,24.7,420,6.69,30,42,84,91,mqtt
2026-04-12T08:33:09.144073,22,24.7,425,6.69,30,42,84,91,mqtt
2026-04-12T08:33:14.346006,22,24.7,423,6.69,30,42,84,91,mqtt
2026-04-12T08:33:19.490002,22,24.5,423,6.69,30,42,84,91,mqtt
2026-04-12T08:33:24.687717,22,24.6,425,6.69,30,42,85,91,mqtt
2026-04-12T08:33:29.812484,22,24.7,426,6.69,30,42,85,91,mqtt
2026-04-12T08:33:35.036491,22,24.6,424,6.69,30,42,84,91,mqtt
2026-04-12T08:33:40.164921,22,24.6,425,6.69,30,42,84,91,mqtt
2026-04-12T08:33:45.315126,22,24.6,425,6.69,30,42,84,91,mqtt
2026-04-12T08:33:50.487250,22,24.7,426,6.69,30,42,84,91,mqtt
2026-04-12T08:33:55.648888,22,24.7,424,6.69,30,42,85,91,mqtt
2026-04-12T08:34:00.855347,22,24.6,426,6.69,30,42,85,91,mqtt
2026-04-12T08:34:05.983939,22,24.7,427,6.69,30,42,85,91,mqtt
2026-04-12T08:34:11.185335,22,24.7,425,6.69,30,42,84,91,mqtt
2026-04-12T08:34:16.399739,22,24.6,425,6.69,30,42,85,91,mqtt
2026-04-12T08:34:21.527541,22,24.7,423,6.67,30,42,85,91,mqtt
2026-04-12T08:34:26.651936,22,24.7,423,6.67,30,42,85,91,mqtt
2026-04-12T08:34:31.868639,22,24.7,424,6.67,30,42,85,91,mqtt
2026-04-12T08:34:36.997510,22,24.7,424,6.67,30,42,85,91,mqtt
2026-04-12T08:34:42.199662,22,24.6,424,6.67,30,42,85,91,mqtt
2026-04-12T08:34:47.322109,22,24.6,426,6.67,30,42,84,91,mqtt
2026-04-12T08:34:52.539321,22,24.7,426,6.67,30,42,84,91,mqtt
2026-04-12T08:34:57.660357,22,24.7,423,6.67,30,42,85,91,mqtt
2026-04-12T08:35:02.822750,22,24.7,425,6.67,30,42,84,91,mqtt
2026-04-12T08:35:08.013564,22,24.6,426,6.67,30,42,85,91,mqtt
2026-04-12T08:35:13.158978,22,24.6,427,6.67,30,42,85,91,mqtt
2026-04-12T08:35:18.346485,22,24.7,424,6.67,30,42,85,91,mqtt
2026-04-12T08:35:23.493536,22,24.7,424,6.67,30,42,84,91,mqtt
2026-04-12T08:35:28.684810,22,24.7,426,6.67,30,42,85,91,mqtt
2026-04-12T08:35:33.828461,22,24.7,423,6.67,30,42,84,91,mqtt
2026-04-12T09:02:33.112624,22,29.3,433,6.85,30,43,85,92,mqtt
2026-04-12T09:02:38.303227,22,29.4,431,6.85,30,43,86,92,mqtt
2026-04-12T09:02:43.449805,22,29.3,433,6.83,30,43,86,92,mqtt
2026-04-12T09:02:48.662401,22,29.3,431,6.83,30,43,86,92,mqtt
2026-04-12T09:02:55.231800,22,29.3,433,6.83,31,43,86,92,mqtt
2026-04-12T09:02:58.990901,22,29.2,430,6.8,30,43,86,92,mqtt
2026-04-12T09:03:04.130075,22,29.2,430,6.8,30,43,86,92,mqtt
2026-04-12T09:03:10.882949,22,29.4,430,6.8,30,42,86,92,mqtt
2026-04-12T09:03:14.470613,22,29.3,432,6.78,30,43,86,92,mqtt
2026-04-12T09:03:19.689707,22,29.3,432,6.78,30,43,86,92,mqtt
2026-04-12T09:03:24.809366,22,29.2,430,6.78,30,42,86,92,mqtt
2026-04-12T09:03:29.974871,22,29.5,432,6.78,30,43,86,92,mqtt
2026-04-12T09:03:35.159975,22,29.4,433,6.76,30,43,86,92,mqtt
2026-04-12T09:03:40.315049,22,29.4,432,6.76,30,43,86,92,mqtt
2026-04-12T09:03:45.710367,22,29.3,429,6.76,30,43,86,92,mqtt
2026-04-12T09:03:51.753974,22,29.3,430,6.76,30,43,86,92,mqtt
2026-04-12T09:04:00.252088,22,29.2,431,6.74,30,43,86,92,mqtt
2026-04-12T09:04:02.299650,22,29.3,431,6.74,30,43,86,92,mqtt
2026-04-12T09:04:06.191698,22,29.2,430,6.74,30,43,86,92,mqtt
2026-04-12T09:04:11.348296,22,29.4,433,6.74,30,43,86,92,mqtt
2026-04-12T09:04:16.538281,22,29.3,431,6.74,30,42,86,92,mqtt
2026-04-12T09:04:21.675389,22,29.3,433,6.74,31,43,86,92,mqtt
2026-04-12T09:04:26.868848,22,29.2,433,6.72,30,43,86,92,mqtt
2026-04-12T09:04:32.003037,22,29.2,432,6.72,30,43,86,92,mqtt
2026-04-12T09:04:37.234656,22,29.2,428,6.72,30,42,86,92,mqtt
2026-04-12T09:04:42.347267,22,29.3,430,6.72,30,43,86,92,mqtt
2026-04-12T09:04:47.510077,22,29.3,430,6.72,30,43,86,92,mqtt
2026-04-12T09:04:52.687112,22,29.2,431,6.72,30,43,87,92,mqtt
2026-04-12T09:17:41.145900,23.8,43.3,348.26,4.65,79.78,51.56,122.48,81,demo
2026-04-12T09:17:42.584201,22,28.7,433,6.56,31,43,87,91,mqtt
2026-04-12T09:17:47.708109,22,28.7,436,6.56,30,43,87,91,mqtt
2026-04-12T09:17:52.927464,22,28.7,435,6.56,31,43,87,91,mqtt
2026-04-12T09:18:18.637724,22,28.8,436,6.54,31,43,87,91,mqtt
2026-04-12T09:18:20.150296,22,28.7,437,6.54,31,43,87,91,mqtt
2026-04-12T09:18:23.876009,22,28.9,435,6.54,31,43,86,91,mqtt
2026-04-12T09:18:29.069315,22,28.7,437,6.54,31,43,87,91,mqtt
2026-04-12T09:18:34.214980,22,28.8,436,6.54,31,43,87,91,mqtt
2026-04-12T09:18:39.422202,22,28.7,437,6.54,31,43,87,91,mqtt
2026-04-12T09:18:44.543491,22,28.7,437,6.54,31,43,87,91,mqtt
2026-04-12T09:18:49.750182,22,28.7,435,6.54,31,43,87,91,mqtt
2026-04-12T09:18:59.165130,22,28.7,435,6.54,30,43,87,91,mqtt
2026-04-12T09:19:00.098315,22,28.7,435,6.54,31,43,87,91,mqtt
2026-04-12T09:19:05.219826,22,28.7,435,6.54,31,43,86,91,mqtt
2026-04-12T09:19:10.433282,22,28.7,437,6.54,31,43,87,91,mqtt
2026-04-12T09:19:15.553642,22,28.5,434,6.54,31,43,87,91,mqtt
2026-04-12T09:19:20.765682,22,28.4,435,6.54,30,43,86,91,mqtt
2026-04-12T09:19:25.887190,22,28.5,439,6.54,31,43,87,91,mqtt
2026-04-12T09:19:31.052569,22,28.4,436,6.54,31,43,87,91,mqtt
2026-04-12T09:19:36.250954,22,28.5,437,6.54,31,43,87,91,mqtt
2026-04-12T09:19:41.385447,22,28.6,437,6.54,30,43,87,91,mqtt
2026-04-12T09:19:46.568241,22,28.6,435,6.54,30,43,87,91,mqtt
2026-04-12T09:19:51.723604,22,28.6,437,6.54,31,43,87,91,mqtt
2026-04-12T09:19:56.913238,22,28.5,438,6.54,31,43,87,91,mqtt
2026-04-12T09:20:02.058775,22,28.4,437,6.54,31,43,87,91,mqtt
2026-04-12T09:20:07.268731,22,28.4,436,6.54,31,43,86,91,mqtt
2026-04-12T09:20:16.689358,22,28.4,437,6.54,31,43,86,91,mqtt
2026-04-12T09:20:17.596215,22,28.4,435,6.54,31,43,87,91,mqtt
2026-04-12T09:20:22.733247,22,28.4,436,6.54,31,43,87,91,mqtt
2026-04-12T09:20:27.936745,22,28.5,437,6.54,31,43,87,91,mqtt
2026-04-12T09:20:33.070062,22,28.5,437,6.54,31,43,87,91,mqtt
2026-04-12T09:20:38.303505,22,28.4,437,6.54,31,43,87,91,mqtt
2026-04-12T09:20:43.414413,22,28.5,437,6.54,31,43,86,91,mqtt
2026-04-12T09:20:48.568162,22,28.5,436,6.54,31,43,87,91,mqtt
2026-04-12T09:20:53.746351,22,28.4,437,6.54,31,43,87,91,mqtt
2026-04-12T09:21:00.124283,22,28.4,437,6.54,31,43,87,91,mqtt
2026-04-12T09:21:04.102993,22,28.4,437,6.54,31,43,87,91,mqtt
2026-04-12T09:21:09.237861,22,28.4,435,6.54,31,43,87,91,mqtt
2026-04-12T09:21:14.439016,22,28.4,436,6.54,31,43,87,91,mqtt
2026-04-12T09:21:19.568461,22,28.6,437,6.54,31,43,87,91,mqtt
2026-04-12T09:21:24.779679,22,28.4,436,6.54,31,43,86,91,mqtt
2026-04-12T09:21:29.908722,22,28.4,438,6.54,31,43,88,91,mqtt
2026-04-12T09:21:35.126354,22,28.4,437,6.54,30,43,87,91,mqtt
2026-04-12T09:21:40.243655,22,28.4,437,6.54,31,43,87,91,mqtt
2026-04-12T09:21:45.463668,22,28.5,440,6.54,31,43,87,91,mqtt
2026-04-12T09:21:50.576958,22,28.3,438,6.54,31,43,87,91,mqtt
2026-04-12T09:21:55.788821,22,28.4,437,6.54,31,43,87,91,mqtt
2026-04-12T09:22:01.129065,22,28.4,437,6.54,31,43,87,91,mqtt
2026-04-12T09:22:06.245049,22,28.4,437,6.54,31,43,87,91,mqtt
2026-04-12T09:22:11.360700,22,28.4,436,6.52,31,43,87,91,mqtt
2026-04-12T09:22:16.414925,22,28.4,436,6.52,31,43,87,91,mqtt
2026-04-12T09:22:21.592064,22,28.4,435,6.52,31,43,87,91,mqtt
2026-04-12T09:22:26.749974,22,28.4,438,6.52,31,43,87,91,mqtt
2026-04-12T09:22:31.939965,22,28.4,439,6.52,31,43,87,91,mqtt
2026-04-12T09:22:37.101164,22,28.4,437,6.52,31,43,87,91,mqtt
2026-04-12T09:22:42.281693,22,28.4,437,6.52,31,43,87,91,mqtt
2026-04-12T09:22:47.419430,22,28.3,435,6.52,31,43,87,91,mqtt
2026-04-12T09:22:52.618705,22,28.4,435,6.52,31,43,86,91,mqtt
2026-04-12T09:22:57.755511,22,28.4,437,6.52,31,43,87,91,mqtt
2026-04-12T09:23:02.983410,22,28.4,438,6.52,31,43,87,91,mqtt
2026-04-12T09:23:08.100590,22,28.4,435,6.52,31,43,87,91,mqtt
2026-04-12T09:23:13.322037,22,28.4,437,6.52,31,43,87,91,mqtt
2026-04-12T09:23:18.440010,22,28.4,435,6.52,31,43,87,91,mqtt
2026-04-12T09:23:23.593215,22,28.4,437,6.52,31,43,87,91,mqtt
2026-04-12T09:23:28.780174,22,28.4,437,6.52,31,43,87,91,mqtt
2026-04-12T09:23:33.928437,22,28.2,439,6.52,31,43,87,91,mqtt
2026-04-12T09:23:39.129230,22,28.4,439,6.52,31,43,87,91,mqtt
2026-04-12T09:23:44.263561,22,28.4,439,6.52,31,43,87,91,mqtt
2026-04-12T09:23:49.472920,22,28.4,438,6.52,31,44,87,91,mqtt
2026-04-12T09:23:54.599039,22,28.3,435,6.52,31,43,86,91,mqtt
2026-04-12T09:23:59.798526,22,28.4,437,6.52,31,43,87,91,mqtt
2026-04-12T09:24:04.934415,22.2,28.4,437,6.52,31,43,87,91,mqtt
2026-04-12T09:24:10.145941,22.4,28.4,437,6.52,31,43,87,91,mqtt
2026-04-12T09:24:15.271480,22.4,28.4,438,6.52,31,43,87,91,mqtt
2026-04-12T09:24:20.496030,22.4,28.4,438,6.52,31,43,87,91,mqtt
2026-04-12T09:24:25.709108,22.4,28.4,437,6.52,31,43,87,91,mqtt
2026-04-12T09:24:30.813261,22.4,28.4,437,6.52,31,43,87,91,mqtt
2026-04-12T09:24:36.161885,22.4,28.4,435,6.52,31,43,87,91,mqtt
2026-04-12T09:24:41.106394,22.4,28.4,436,6.52,31,43,87,91,mqtt
2026-04-12T09:24:46.491054,22.4,28.4,435,6.52,31,43,87,91,mqtt
2026-04-12T09:24:51.442565,22.4,28.4,438,6.52,31,43,87,91,mqtt
2026-04-12T09:24:56.726010,22.4,28.4,439,6.52,31,43,87,91,mqtt
2026-04-12T09:25:01.777344,22.4,28.4,437,6.52,31,43,87,91,mqtt
2026-04-12T09:25:07.074679,22.4,28.4,437,6.52,31,43,87,91,mqtt
2026-04-12T09:25:12.188774,22.4,28.3,437,6.52,31,43,87,91,mqtt
2026-04-12T09:25:17.541635,22.4,28.4,437,6.52,31,43,87,91,mqtt
2026-04-12T09:25:22.449934,22.4,28.3,437,6.52,31,43,87,91,mqtt
2026-04-12T09:25:27.772516,22.4,28.4,436,6.52,31,43,87,91,mqtt
2026-04-12T09:25:32.885176,22.4,28.4,436,6.52,31,43,87,91,mqtt
2026-04-12T09:25:38.200166,22.4,28.3,438,6.52,31,43,87,91,mqtt
2026-04-12T09:25:43.125792,22.4,28.3,437,6.52,31,43,87,91,mqtt
2026-04-12T09:25:48.471688,22.4,28.3,440,6.52,31,43,87,91,mqtt
2026-04-12T09:25:53.554308,22.4,28.4,435,6.52,31,43,87,91,mqtt
2026-04-12T09:25:58.916764,22.4,28.4,439,6.52,31,44,87,91,mqtt
2026-04-12T09:26:03.806098,22.4,28.3,437,6.52,31,43,87,91,mqtt
2026-04-12T09:26:09.118795,22.4,28.3,440,6.52,31,43,87,91,mqtt
2026-04-12T09:26:14.355158,22.4,28.3,437,6.52,31,43,87,91,mqtt
2026-04-12T09:26:19.458458,22.4,28.4,435,6.5,31,43,87,91,mqtt
2026-04-12T09:26:24.487919,22.4,28.4,437,6.5,31,43,87,91,mqtt
2026-04-12T09:26:30.531060,22.4,28.4,438,6.5,31,43,87,91,mqtt
2026-04-12T09:26:34.926581,22.4,28.3,440,6.5,31,43,87,91,mqtt
2026-04-12T09:26:39.978969,22.4,28.2,440,6.5,31,44,87,91,mqtt
2026-04-12T09:26:45.153188,22.4,28.3,440,6.5,31,43,88,91,mqtt
2026-04-12T09:26:50.585631,22.4,28.3,437,6.5,31,43,87,91,mqtt
2026-04-12T09:26:55.612438,22.4,28.2,438,6.5,31,43,87,91,mqtt
2026-04-12T09:27:00.723117,22.4,28.3,437,6.5,31,43,87,91,mqtt
2026-04-12T09:27:05.799894,22.4,28.2,437,6.5,31,43,87,91,mqtt
2026-04-12T09:27:11.218102,22.4,28.3,437,6.5,31,43,87,91,mqtt
2026-04-12T09:27:16.814392,22.4,28.4,437,6.5,31,43,87,91,mqtt
2026-04-12T09:27:42.635447,22.4,28.2,437,6.5,31,43,87,91,mqtt
2026-04-12T09:27:43.049980,22.4,28.3,437,6.5,31,43,87,91,mqtt
2026-04-12T09:27:43.211158,22.4,28.3,437,6.5,31,43,88,91,mqtt
2026-04-12T09:27:43.414814,22.4,28.3,440,6.5,31,43,87,91,mqtt
2026-04-12T09:27:43.625894,22.4,28.4,436,6.5,31,44,88,91,mqtt
2026-04-12T09:27:47.140210,22.4,28.3,437,6.5,31,43,87,91,mqtt
2026-04-12T09:27:52.327401,22.4,28.3,439,6.5,31,43,87,91,mqtt
2026-04-12T09:27:57.484158,22.4,28.2,439,6.5,31,43,86,91,mqtt
2026-04-12T09:28:02.711583,22.4,28.3,439,6.5,31,44,88,91,mqtt
2026-04-12T09:28:07.826011,22.4,28.4,437,6.5,31,44,87,91,mqtt
2026-04-12T09:28:13.062343,22.4,28.3,437,6.5,31,43,87,91,mqtt
2026-04-12T09:28:18.173049,22.4,28.4,439,6.5,31,44,87,91,mqtt
2026-04-12T09:28:23.337860,22.4,28.3,437,6.5,31,43,87,91,mqtt
2026-04-12T09:28:28.521012,22.4,28.3,440,6.5,31,43,87,91,mqtt
2026-04-12T09:28:33.752403,22.4,28.4,439,6.5,31,43,87,91,mqtt
2026-04-12T09:28:38.870567,22.4,28.2,437,6.5,31,43,87,91,mqtt
2026-04-12T09:28:44.062254,22.4,28.3,437,6.5,31,44,87,91,mqtt
2026-04-12T09:28:49.212550,22.4,28.2,436,6.5,31,43,88,91,mqtt
2026-04-12T09:28:54.436421,22.4,28.2,437,6.5,31,43,87,91,mqtt
2026-04-12T09:28:59.566128,22.4,28.2,439,6.48,31,44,87,91,mqtt
2026-04-12T09:29:04.786904,22.4,28.2,440,6.48,31,43,87,91,mqtt
2026-04-12T09:29:09.907975,22.4,28.3,440,6.48,31,43,88,91,mqtt
2026-04-12T09:29:15.035901,22.4,28.2,439,6.48,31,43,87,91,mqtt
2026-04-12T09:29:20.254622,22.4,28.3,437,6.48,31,43,87,91,mqtt
2026-04-12T09:29:25.383552,22.4,28.3,440,6.48,31,43,87,91,mqtt
2026-04-12T09:29:30.572329,22.4,28.2,437,6.48,31,43,87,91,mqtt
2026-04-12T09:29:35.737715,22.4,28.2,440,6.48,31,44,87,91,mqtt
2026-04-12T09:29:40.946386,22.4,28.1,440,6.48,31,43,87,91,mqtt
2026-04-12T09:29:46.081177,22.4,28.3,437,6.48,31,44,88,91,mqtt
2026-04-12T09:29:51.289772,22.4,28.2,437,6.48,31,43,88,91,mqtt
2026-04-12T09:29:56.410447,22.4,28.2,438,6.48,31,43,87,91,mqtt
2026-04-12T09:30:01.631651,22.4,28.3,438,6.48,31,43,87,91,mqtt
2026-04-12T09:30:06.769867,22.4,28.2,440,6.48,31,44,88,91,mqtt
2026-04-12T09:30:11.901573,22.4,28.3,440,6.48,31,43,87,91,mqtt
2026-04-12T09:30:17.100625,22.4,28.2,437,6.48,31,43,87,91,mqtt
2026-04-12T09:30:22.239599,22.4,28.4,440,6.48,31,43,87,91,mqtt
2026-04-12T09:30:27.422251,22.4,28.1,438,6.48,31,44,87,91,mqtt
2026-04-12T09:30:32.579788,22.4,28.2,437,6.48,31,43,87,91,mqtt
2026-04-12T09:30:37.763916,22.4,28.2,440,6.48,31,43,87,91,mqtt
2026-04-12T09:30:42.915673,22.4,28.2,440,6.48,31,44,87,91,mqtt
2026-04-12T09:30:48.139212,22.4,28.2,437,6.48,31,43,87,91,mqtt
2026-04-12T09:30:53.270728,22.4,28.2,437,6.48,31,43,88,91,mqtt
2026-04-12T09:30:58.500511,22.4,28.2,440,6.48,31,44,88,91,mqtt
2026-04-12T09:31:03.596909,22.4,28.1,437,6.48,31,43,87,91,mqtt
2026-04-12T09:31:08.924839,22.4,28.2,440,6.48,31,43,87,91,mqtt
2026-04-12T09:31:13.947673,22.4,28.3,440,6.48,31,44,88,91,mqtt
2026-04-12T09:31:19.175244,22.4,28.3,441,6.48,31,43,87,91,mqtt
2026-04-12T09:31:24.302425,22.4,28.2,440,6.48,31,43,87,91,mqtt
2026-04-12T09:31:29.813664,22.4,28.2,437,6.48,31,44,88,91,mqtt
2026-04-12T09:31:34.628528,22.4,28.3,439,6.48,31,43,87,91,mqtt
2026-04-12T09:31:39.835144,22.4,28.2,437,6.48,31,43,87,91,mqtt
2026-04-12T09:31:45.077626,22.4,28.2,439,6.48,31,43,87,91,mqtt
2026-04-12T09:31:50.195405,22.4,28.1,440,6.48,31,44,88,91,mqtt
2026-04-12T09:31:55.322628,22.4,28.1,440,6.48,31,43,88,91,mqtt
2026-04-12T09:32:00.465011,22.4,28.3,438,6.48,31,43,87,91,mqtt
2026-04-12T09:32:05.636942,22.4,28.4,440,6.48,31,44,88,91,mqtt
2026-04-12T09:32:10.787609,22.4,28.3,439,6.48,31,44,87,91,mqtt
2026-04-12T09:32:16.017530,22.4,28.2,439,6.48,31,43,87,91,mqtt
2026-04-12T09:32:21.125927,22.4,28.1,440,6.48,31,44,87,91,mqtt
2026-04-12T09:32:26.344233,22.4,28.3,440,6.48,31,43,88,91,mqtt
2026-04-12T09:32:31.474008,22.4,28.3,439,6.48,31,44,88,91,mqtt
2026-04-12T09:32:36.692832,22.4,28.3,440,6.48,31,44,87,91,mqtt
2026-04-12T09:32:41.886051,22.4,28.2,440,6.48,31,44,88,91,mqtt
2026-04-12T09:32:46.960376,22.4,28.2,440,6.48,31,43,87,91,mqtt
2026-04-12T09:32:52.155384,22.4,28.3,440,6.48,31,44,88,91,mqtt
2026-04-12T09:32:57.300628,22.4,28.2,440,6.48,31,44,88,91,mqtt
2026-04-12T09:33:02.497958,22.4,28.1,438,6.48,31,44,88,91,mqtt
2026-04-12T09:33:07.633004,22.4,28.2,439,6.48,31,44,88,91,mqtt
2026-04-12T09:33:12.842723,22.4,28.3,440,6.48,31,44,88,91,mqtt
2026-04-12T09:33:17.991568,22.4,28.1,439,6.48,31,43,87,91,mqtt
2026-04-12T09:33:23.184364,22.4,28.2,439,6.48,31,44,87,91,mqtt
2026-04-12T09:33:28.318617,22.4,28.1,435,6.48,31,43,87,91,mqtt
2026-04-12T09:33:33.850968,22.4,28.2,440,6.45,31,44,88,91,mqtt
2026-04-12T09:33:38.668857,22.4,28.3,440,6.45,31,43,88,91,mqtt
2026-04-12T09:33:44.073207,22.4,28.2,441,6.45,31,44,88,91,mqtt
2026-04-12T09:33:49.179208,22.4,28.1,440,6.45,31,43,88,91,mqtt
2026-04-12T09:33:54.318112,22.4,28.1,439,6.45,31,43,87,91,mqtt
2026-04-12T09:33:59.438138,22.4,28.2,437,6.45,31,44,88,91,mqtt
2026-04-12T09:34:04.559203,22.4,28.3,440,6.45,31,44,87,91,mqtt
2026-04-12T09:34:09.682392,22.4,28.2,440,6.45,31,44,88,91,mqtt
2026-04-12T09:34:14.901983,22.4,28.1,440,6.45,31,43,87,91,mqtt
2026-04-12T09:34:20.120759,22.4,28.1,441,6.45,31,44,88,91,mqtt
2026-04-12T09:34:25.161037,22.4,28.1,442,6.45,31,44,88,91,mqtt
2026-04-12T09:34:30.335079,22.4,28.2,439,6.45,31,44,88,91,mqtt
2026-04-12T09:34:35.559491,22.4,28.2,440,6.45,31,43,87,91,mqtt
2026-04-12T09:34:40.717214,22.4,28.1,440,6.45,31,44,88,91,mqtt
2026-04-12T09:34:45.830950,22.4,28.1,440,6.45,31,44,87,91,mqtt
2026-04-12T09:34:51.034936,22.4,28.2,440,6.45,31,43,88,91,mqtt
2026-04-12T09:34:56.180130,22.4,28.1,439,6.45,31,43,87,91,mqtt
2026-04-12T09:35:01.391053,22.4,28.2,440,6.45,31,58,88,91,mqtt
2026-04-12T09:35:06.639962,22.4,28.1,439,6.45,31,44,88,91,mqtt
2026-04-12T09:35:11.736384,22.4,28.3,440,6.45,31,43,87,91,mqtt
2026-04-12T09:35:16.905471,22.4,28.2,440,6.45,31,44,87,91,mqtt
2026-04-12T09:35:22.007375,22.4,28.1,440,6.45,31,44,88,91,mqtt
2026-04-12T09:35:27.205114,22.4,28.1,439,6.45,31,44,88,91,mqtt
2026-04-12T09:35:32.347869,22.4,28.1,440,6.45,31,44,88,91,mqtt
2026-04-12T09:35:37.514532,22.4,28.2,437,6.45,31,44,87,91,mqtt
2026-04-12T09:35:42.686534,22.4,28.1,440,6.45,31,44,87,91,mqtt
2026-04-12T09:35:47.847510,22.4,28.2,441,6.45,31,44,88,91,mqtt
2026-04-12T09:35:53.019630,22.4,28.2,439,6.45,31,44,88,91,mqtt
2026-04-12T09:35:58.198304,22.4,28.1,436,6.45,31,44,87,91,mqtt
2026-04-12T09:36:03.352926,22.4,28.1,442,6.45,31,44,87,91,mqtt
2026-04-12T09:36:08.571930,22.4,28.1,440,6.45,31,44,88,91,mqtt
2026-04-12T09:36:13.793679,22.4,28,439,6.45,31,44,88,91,mqtt
2026-04-12T09:36:19.143156,22.4,28.1,441,6.45,31,44,87,91,mqtt
2026-04-12T09:36:24.232372,22.4,28,442,6.45,31,44,88,91,mqtt
2026-04-12T09:36:29.333778,22.4,28.1,441,6.45,31,58,88,91,mqtt
2026-04-12T09:36:34.446991,22.4,28.1,439,6.45,31,44,87,91,mqtt
2026-04-12T09:36:39.771278,22.4,28.3,439,6.45,31,43,87,91,mqtt
2026-04-12T09:36:44.702621,22.4,28.1,441,6.45,31,44,88,91,mqtt
2026-04-12T09:36:50.005757,22.4,28.1,438,6.45,31,43,88,91,mqtt
2026-04-12T09:36:55.057903,22.4,28.1,443,6.45,31,44,88,91,mqtt
2026-04-12T09:37:00.177154,22.4,28.1,439,6.45,31,44,88,91,mqtt
2026-04-12T09:37:05.352379,22.4,28.2,440,6.45,31,44,87,91,mqtt
2026-04-12T09:37:10.508572,22.4,28.3,441,6.45,31,44,88,91,mqtt
2026-04-12T09:37:15.688283,22.4,28.1,441,6.45,31,44,116,91,mqtt
2026-04-12T09:37:20.840933,22.4,28.2,440,6.45,31,44,88,91,mqtt
2026-04-12T09:37:26.027974,22.4,28.2,439,6.45,31,44,88,91,mqtt
2026-04-12T09:37:31.174366,22.4,28.1,441,6.45,31,44,87,91,mqtt
2026-04-12T09:37:36.364589,22.4,28.1,441,6.45,31,44,88,91,mqtt
2026-04-12T09:37:41.501550,22.4,28.1,440,6.45,31,44,87,91,mqtt
2026-04-12T09:37:46.711592,22.4,28.2,439,6.45,31,43,88,91,mqtt
2026-04-12T09:37:51.837381,22.4,28.1,440,6.45,31,44,87,91,mqtt
2026-04-12T09:37:57.044157,22.4,28.1,441,6.45,31,44,88,91,mqtt
2026-04-12T09:38:02.192091,22.4,28.1,439,6.45,31,44,88,91,mqtt
2026-04-12T09:38:07.381683,22.4,28.1,440,6.45,31,44,88,91,mqtt
2026-04-12T09:38:12.503191,22.4,28.1,441,6.45,31,44,88,91,mqtt
2026-04-12T09:38:19.881933,22.4,28.1,438,6.45,31,44,88,91,mqtt
2026-04-12T09:38:22.842194,22.4,28.2,443,6.45,31,44,88,91,mqtt
2026-04-12T09:38:28.002405,22.4,28.1,440,6.45,31,44,88,91,mqtt
2026-04-12T09:38:33.182324,22.4,28.1,441,6.45,31,44,88,91,mqtt
2026-04-12T09:38:38.347668,22.4,28.1,442,6.45,31,44,88,91,mqtt
2026-04-12T09:38:43.551743,22.4,28.2,441,6.45,31,44,88,91,mqtt
2026-04-12T09:38:48.676537,22.4,28.1,439,6.45,31,44,88,91,mqtt
2026-04-12T09:38:54.094281,22.4,28.1,440,6.45,31,44,88,91,mqtt
2026-04-12T09:39:01.162235,22.4,28.2,441,6.45,31,44,88,91,mqtt
2026-04-12T09:39:06.147385,22.4,28.2,442,6.45,31,43,87,91,mqtt
2026-04-12T09:39:09.336542,22.4,28.1,440,6.45,31,44,87,91,mqtt
2026-04-12T09:39:14.775688,22.4,28.2,440,6.45,31,44,88,91,mqtt
2026-04-12T09:39:19.690350,22.4,28.1,441,6.43,31,44,116,91,mqtt
2026-04-12T09:39:24.882287,22.4,28.1,442,6.43,31,44,88,91,mqtt
2026-04-12T09:39:30.007477,22.4,28.1,441,6.43,31,44,88,91,mqtt
2026-04-12T09:39:35.168199,22.4,28.1,440,6.43,31,44,88,91,mqtt
2026-04-12T09:39:40.348493,22.4,28.1,581,6.43,41,58,88,92,mqtt
2026-04-12T09:39:45.510662,22.4,28.1,581,6.43,31,44,88,91,mqtt
2026-04-12T09:39:50.683637,22.4,28.1,442,6.43,31,44,88,91,mqtt
2026-04-12T09:39:55.855074,22.4,28.1,440,6.43,31,44,88,91,mqtt
2026-04-12T09:40:03.174962,22.4,28.1,440,6.43,31,43,88,91,mqtt
2026-04-12T09:40:06.177654,22.4,28.1,442,6.43,31,44,88,91,mqtt
2026-04-12T09:40:11.363547,22.4,28.1,441,6.43,31,44,88,91,mqtt
2026-04-12T09:40:16.522253,22.4,28,443,6.43,31,44,88,91,mqtt
2026-04-12T09:40:23.139124,22.4,28.1,442,6.43,31,44,88,91,mqtt
2026-04-12T09:40:26.857608,22.4,28.1,581,6.43,41,58,88,92,mqtt
2026-04-12T09:40:32.047410,22.4,28.1,440,6.43,31,44,88,91,mqtt
2026-04-12T09:40:37.178927,22.4,28.1,439,6.43,31,58,116,91,mqtt
2026-04-12T09:40:42.388693,22.4,28.1,581,6.43,31,44,87,91,mqtt
2026-04-12T09:40:47.513628,22.4,28.1,443,6.43,31,44,88,91,mqtt
2026-04-12T09:40:57.138702,22.4,28.1,442,6.43,31,44,88,91,mqtt
2026-04-12T09:40:57.857460,22.4,28.1,443,6.43,31,44,88,91,mqtt
2026-04-12T09:41:03.015317,22.4,28.1,442,6.43,41,44,88,92,mqtt
2026-04-12T09:41:09.666290,22.4,28.1,440,6.43,31,44,88,91,mqtt
2026-04-12T09:41:13.353846,22.4,28.2,439,6.43,31,44,88,91,mqtt
2026-04-12T09:41:18.560739,22.4,28.1,443,6.43,31,44,88,91,mqtt
2026-04-12T09:41:23.686738,22.4,28.2,439,6.43,41,44,88,92,mqtt
2026-04-12T09:41:28.880213,22.4,28,581,6.43,31,44,88,91,mqtt
2026-04-12T09:41:34.027394,22.4,28.1,440,6.43,31,58,88,91,mqtt
2026-04-12T09:41:39.215024,22.4,28.1,440,6.43,41,44,88,92,mqtt
2026-04-12T09:41:44.367064,22.4,28.1,440,6.43,31,44,88,91,mqtt
2026-04-12T09:41:49.556955,22.4,28.1,440,6.43,31,44,88,91,mqtt
2026-04-12T09:41:54.708623,22.4,28.2,441,6.43,31,44,88,91,mqtt
2026-04-12T09:41:59.899656,22.4,28.1,581,6.43,31,58,88,91,mqtt
2026-04-12T09:42:05.052364,22.4,28.1,441,6.43,41,44,116,92,mqtt
2026-04-12T09:42:10.192455,22.4,28.1,442,6.43,31,44,88,91,mqtt
2026-04-12T09:42:15.386813,22.4,28.1,443,6.43,31,44,87,91,mqtt
2026-04-12T09:42:20.528118,22.4,28.1,581,6.43,31,44,88,91,mqtt
2026-04-12T09:42:25.735744,22.4,28.1,440,6.43,31,44,88,91,mqtt
2026-04-12T09:42:30.871738,22.4,28,439,6.43,31,44,88,91,mqtt
2026-04-12T09:42:36.088370,22.4,28.1,442,6.43,41,58,88,92,mqtt
2026-04-12T09:42:41.198780,22.4,28.1,581,6.43,31,58,88,91,mqtt
2026-04-12T09:42:46.381191,22.4,28.1,442,6.43,31,44,88,91,mqtt
2026-04-12T09:42:51.604359,22.4,28.1,440,6.43,31,44,88,91,mqtt
2026-04-12T09:42:58.701453,22.4,28.1,443,6.43,41,44,116,92,mqtt
2026-04-12T09:43:01.874777,22.4,28.1,440,6.43,31,44,88,91,mqtt
2026-04-12T09:43:07.069084,22.4,27.9,581,6.43,31,44,88,91,mqtt
2026-04-12T09:43:12.222666,22.4,28.1,440,6.43,31,44,88,91,mqtt
2026-04-12T09:43:17.409294,22.4,28.1,442,6.43,31,44,88,91,mqtt
2026-04-12T09:43:22.553238,22.4,28.1,582,6.43,31,44,88,91,mqtt
2026-04-12T09:43:27.749957,22.4,28.2,441,6.43,41,58,116,92,mqtt
2026-04-12T09:43:32.873324,22.4,28.1,581,6.43,31,44,88,91,mqtt
2026-04-12T09:43:38.039383,22.4,28.1,440,6.43,31,44,87,91,mqtt
2026-04-12T09:43:43.213104,22.4,28.1,441,6.43,41,44,88,92,mqtt
2026-04-12T09:43:48.381395,22.4,28.1,581,6.43,31,44,88,91,mqtt
2026-04-12T09:43:53.766277,22.4,28.1,442,6.43,41,44,88,92,mqtt
2026-04-12T09:43:58.912613,22.4,28.1,581,6.43,41,44,116,92,mqtt
2026-04-12T09:44:03.896460,22.4,28.1,581,6.43,41,58,116,92,mqtt
2026-04-12T09:44:09.046074,22.4,28.1,442,6.43,31,44,88,91,mqtt
2026-04-12T09:44:14.238927,22.4,28.1,441,6.43,31,58,88,91,mqtt
2026-04-12T09:44:19.409252,22.4,28.1,440,6.43,31,44,88,91,mqtt
2026-04-12T09:44:24.706704,22.4,28.1,441,6.43,41,58,88,92,mqtt
2026-04-12T09:44:29.833414,22.4,28,442,6.43,31,44,88,91,mqtt
2026-04-12T09:44:40.655152,22.4,28.1,440,6.43,31,43,88,91,mqtt
2026-04-12T09:44:40.965416,22.4,28,440,6.43,31,44,87,91,mqtt
2026-04-12T09:44:45.261331,22.4,28.1,440,6.43,31,44,116,91,mqtt
2026-04-12T09:44:50.384879,22.4,28.1,581,6.43,31,44,88,91,mqtt
2026-04-12T09:44:55.553020,22.4,28,440,6.43,31,44,88,91,mqtt
2026-04-12T09:45:00.725128,22.4,28.1,441,6.43,31,44,88,91,mqtt
2026-04-12T09:45:10.194683,22.4,28,440,6.43,31,44,88,91,mqtt
2026-04-12T09:45:11.065807,22.4,28.1,441,6.43,31,58,88,91,mqtt
2026-04-12T09:45:16.221623,22.4,28,581,6.43,41,58,116,92,mqtt
2026-04-12T09:45:21.441363,22.4,28.1,440,6.43,31,44,88,91,mqtt
2026-04-12T09:45:26.564030,22.4,28.1,440,6.43,31,58,88,91,mqtt
2026-04-12T09:45:31.748493,22.4,28.1,581,6.43,41,58,88,92,mqtt
2026-04-12T09:45:36.970826,22.4,28.1,443,6.43,31,44,88,91,mqtt
2026-04-12T09:45:42.092955,22.4,28.1,443,6.43,41,44,116,92,mqtt
2026-04-12T09:45:47.248778,22.4,28.1,581,6.41,41,58,116,92,mqtt
2026-04-12T09:45:54.173923,22.4,28.1,581,6.41,31,44,88,91,mqtt
2026-04-12T09:45:57.588066,22.4,28,440,6.41,31,58,88,91,mqtt
2026-04-12T09:46:02.776721,22.4,28.1,442,6.41,41,58,88,92,mqtt
2026-04-12T09:46:07.906289,22.4,28,581,6.41,31,44,116,91,mqtt
2026-04-12T09:46:14.383959,22.4,28,581,6.41,31,44,88,91,mqtt
2026-04-12T09:46:19.682351,22.4,28.1,441,6.41,31,44,88,91,mqtt
2026-04-12T09:46:23.469222,22.4,28.1,442,6.41,41,58,88,92,mqtt
2026-04-12T09:46:28.594886,22.4,28,442,6.41,41,44,116,92,mqtt
2026-04-12T09:46:35.662847,22.4,28.1,581,6.41,41,58,116,92,mqtt
2026-04-12T09:46:38.943069,22.4,28.1,442,6.41,41,44,88,91,mqtt
2026-04-12T09:46:44.098077,22.4,28.1,441,6.41,31,44,88,91,mqtt
2026-04-12T09:46:49.288395,22.4,28,581,6.41,31,44,88,91,mqtt
2026-04-12T09:46:54.446998,22.4,28.1,443,6.41,31,44,88,91,mqtt
2026-04-12T09:46:59.635721,22.4,28,581,6.41,41,58,116,92,mqtt
2026-04-12T09:47:04.777040,22.4,28.1,441,6.41,31,44,88,91,mqtt
2026-04-12T09:47:11.670047,22.4,28,581,6.41,41,58,116,92,mqtt
2026-04-12T09:54:45.059516,26.9,45.5,350.38,5.96,79.92,51.67,121.48,94,demo
2026-04-12T09:54:46.494827,22.4,28,581,6.41,41,58,116,92,mqtt
2026-04-12T09:54:51.614517,22.4,28,581,6.41,41,58,116,92,mqtt
2026-04-12T09:54:56.781144,22.4,28,581,6.41,41,58,116,92,mqtt
2026-04-12T09:55:01.952153,22.4,28,582,6.41,41,58,116,92,mqtt
2026-04-12T09:55:07.116850,22.4,27.9,582,6.41,41,58,116,92,mqtt
2026-04-12T09:55:12.295140,22.4,28.1,582,6.41,41,58,116,92,mqtt
2026-04-12T09:55:17.525795,22.4,28,581,6.41,41,58,116,92,mqtt
2026-04-12T09:55:22.646955,22.4,28,582,6.41,41,58,116,92,mqtt
2026-04-12T09:55:27.975621,22.4,28.1,582,6.41,41,44,116,91,mqtt
2026-04-12T09:55:34.659654,22.4,27.9,581,6.41,31,58,116,91,mqtt
2026-04-12T09:55:39.660732,22.4,28,582,6.41,41,58,116,92,mqtt
2026-04-12T09:55:43.334133,22.4,28,582,6.41,41,58,116,92,mqtt
2026-04-12T09:55:48.475160,22.4,28,582,6.41,41,58,88,91,mqtt
2026-04-12T09:55:53.680071,22.4,28,443,6.41,41,58,116,92,mqtt
2026-04-12T09:55:58.813694,22.4,27.9,582,6.41,41,58,116,92,mqtt
2026-04-12T09:56:04.025399,22.4,28,581,6.41,41,58,116,92,mqtt
2026-04-12T09:56:09.152227,22.4,28,443,6.41,31,44,116,91,mqtt
2026-04-12T09:56:14.320161,22.4,28.1,581,6.41,31,58,88,91,mqtt
2026-04-12T09:56:19.491782,22.4,28,582,6.41,41,58,116,92,mqtt
2026-04-12T09:56:24.653776,22.4,27.9,443,6.41,41,58,116,92,mqtt
2026-04-12T09:56:29.834699,22.4,28,582,6.41,41,58,88,91,mqtt
2026-04-12T09:56:34.994825,22.4,27.9,581,6.41,41,58,116,92,mqtt
2026-04-12T09:56:40.177441,22.4,28,581,6.41,41,58,116,92,mqtt
2026-04-12T09:56:45.328848,22.4,27.9,581,6.41,41,58,116,92,mqtt
2026-04-12T09:56:50.519667,22.4,28,582,6.41,41,58,116,92,mqtt
2026-04-12T09:56:55.668069,22.4,28.1,583,6.41,41,58,116,92,mqtt
2026-04-12T09:57:00.866548,22.4,27.9,581,6.41,41,44,116,91,mqtt
2026-04-12T09:57:06.003083,22.4,28,581,6.41,41,58,116,92,mqtt
2026-04-12T09:57:11.207678,22.4,28,581,6.41,41,58,116,92,mqtt
2026-04-12T09:57:22.184291,22.4,28,582,6.41,31,58,116,91,mqtt
2026-04-12T09:57:22.364880,22.4,27.9,581,6.41,41,58,116,92,mqtt
2026-04-12T09:57:26.675900,22.4,28,583,6.41,41,58,116,92,mqtt
2026-04-12T09:57:31.888115,22.4,27.9,582,6.41,41,58,116,92,mqtt
2026-04-12T09:57:38.689104,22.4,28,583,6.41,41,44,88,91,mqtt
2026-04-12T09:57:42.180820,22.4,27.9,581,6.41,31,58,116,91,mqtt
2026-04-12T09:57:47.350816,22.4,28,582,6.41,41,58,116,92,mqtt
2026-04-12T09:57:52.511680,22.4,27.9,581,6.41,41,58,116,92,mqtt
2026-04-12T09:57:57.697624,22.4,28.1,581,6.41,41,58,116,92,mqtt
2026-04-12T09:58:02.854761,22.4,27.8,582,6.41,41,58,116,92,mqtt
2026-04-12T09:58:08.039752,22.4,28.1,581,6.41,41,44,116,91,mqtt
2026-04-12T09:58:13.178072,22.4,28,581,6.39,41,58,116,92,mqtt
2026-04-12T09:58:18.374599,22.4,27.9,582,6.39,41,44,116,91,mqtt
2026-04-12T09:58:23.514772,22.4,27.9,582,6.39,41,58,116,92,mqtt
2026-04-12T09:58:28.716908,22.4,27.8,582,6.39,41,58,116,92,mqtt
2026-04-12T09:58:33.880185,22.4,28,582,6.39,41,58,116,92,mqtt
2026-04-12T09:58:39.058491,22.4,28,441,6.39,31,58,88,91,mqtt
2026-04-12T09:58:44.187466,22.4,27.8,582,6.39,41,58,88,91,mqtt
2026-04-12T09:58:50.670354,22.4,28,581,6.39,41,58,88,91,mqtt
2026-04-12T09:58:54.521786,22.4,28,582,6.39,41,58,116,92,mqtt
2026-04-12T09:59:01.177353,22.4,28,582,6.39,41,58,116,92,mqtt
2026-04-12T09:59:04.860144,22.4,27.9,582,6.39,41,58,116,92,mqtt
2026-04-12T09:59:10.027439,22.4,28.1,582,6.39,31,58,116,91,mqtt
2026-04-12T09:59:15.203511,22.4,28,582,6.39,41,58,116,92,mqtt
2026-04-12T09:59:20.372087,22.4,28,582,6.39,41,58,116,92,mqtt
2026-04-12T09:59:25.546343,22.4,27.9,582,6.39,41,58,116,92,mqtt
2026-04-12T09:59:30.706627,22.4,27.9,582,6.39,41,58,116,92,mqtt
2026-04-12T09:59:35.889901,22.4,27.9,582,6.39,41,58,116,92,mqtt
2026-04-12T09:59:42.347218,22.4,28,581,6.39,41,58,116,92,mqtt
2026-04-12T09:59:46.231080,22.4,27.9,582,6.39,41,58,116,92,mqtt
2026-04-12T09:59:51.365730,22.4,28,581,6.39,41,44,88,91,mqtt
2026-04-12T09:59:56.572899,22.4,27.9,582,6.39,41,58,116,92,mqtt
2026-04-12T10:00:01.704045,22.4,27.8,582,6.39,41,44,88,91,mqtt
2026-04-12T10:00:06.875324,22.4,27.9,582,6.39,41,58,116,92,mqtt
2026-04-12T10:00:12.041587,22.4,28,582,6.39,41,44,116,91,mqtt
2026-04-12T10:00:17.368175,22.4,28,581,6.39,41,58,116,92,mqtt
2026-04-12T10:00:22.488615,22.4,28.1,581,6.39,41,58,116,92,mqtt
2026-04-12T10:00:27.609909,22.4,28,582,6.39,41,58,116,92,mqtt
2026-04-12T10:00:32.721876,22.4,27.9,581,6.39,41,58,116,92,mqtt
2026-04-12T10:00:37.883353,22.4,27.9,582,6.39,41,58,116,92,mqtt
2026-04-12T10:00:43.174558,22.4,27.9,581,6.39,41,58,116,92,mqtt
2026-04-12T10:00:48.227863,22.4,27.9,583,6.39,41,58,116,92,mqtt
2026-04-12T10:00:53.409126,22.4,28,581,6.39,41,58,116,92,mqtt
2026-04-12T10:00:58.571600,22.4,28,582,6.39,41,58,116,92,mqtt
2026-04-12T10:01:03.751492,22.4,27.9,581,6.39,41,58,116,92,mqtt
2026-04-12T10:01:13.215350,22.4,28,582,6.39,41,58,116,92,mqtt
2026-04-12T10:01:14.100958,22.4,27.9,581,6.39,41,58,116,92,mqtt
2026-04-12T10:01:19.226316,22.4,28.1,582,6.39,41,58,116,92,mqtt
2026-04-12T10:01:24.436968,22.4,28,443,6.39,41,44,116,91,mqtt
2026-04-12T10:01:29.563637,22.4,28,582,6.39,41,58,116,92,mqtt
2026-04-12T10:01:34.729562,22.4,27.9,581,6.39,31,58,116,91,mqtt
2026-04-12T10:01:39.900216,22.4,27.9,583,6.39,41,58,116,92,mqtt
2026-04-12T10:01:45.066983,22.4,27.9,583,6.39,41,58,116,92,mqtt
2026-04-12T10:01:50.241550,22.4,27.9,582,6.39,41,58,116,92,mqtt
2026-04-12T10:01:55.408994,22.4,28,581,6.39,41,58,116,92,mqtt
2026-04-12T10:02:00.586783,22.4,27.9,581,6.39,41,58,116,92,mqtt
2026-04-12T10:02:05.747307,22.4,28,582,6.39,41,58,116,92,mqtt
2026-04-12T10:02:10.929172,22.4,28,582,6.39,41,58,116,92,mqtt
2026-04-12T10:02:16.076534,22.4,27.8,582,6.39,41,58,116,92,mqtt
2026-04-12T10:02:21.270494,22.4,28.1,582,6.39,41,58,116,92,mqtt
2026-04-12T10:02:26.430536,22.4,28.1,582,6.39,41,58,116,92,mqtt
2026-04-12T10:02:32.684899,22.4,28,582,6.39,41,44,88,91,mqtt
2026-04-12T10:02:36.742662,22.4,27.9,582,6.39,41,58,116,92,mqtt
2026-04-12T10:02:41.950191,22.4,27.9,581,6.39,41,58,116,92,mqtt
